date,RV
1/4/2010,0.422883907
1/5/2010,0.366979263
1/6/2010,0.482101827
1/7/2010,0.342912039
1/8/2010,0.57863126
1/11/2010,0.429724727
1/12/2010,0.3825684
1/13/2010,0.337059061
1/14/2010,0.279410127
1/15/2010,0.352228762
1/18/2010,0.139936625
1/19/2010,0.293275944
1/20/2010,0.546269668
1/21/2010,0.627352684
1/22/2010,0.42859685
1/25/2010,0.287473528
1/26/2010,0.336914657
1/27/2010,0.36970072
1/28/2010,0.37370761
1/29/2010,0.360314729
2/1/2010,0.273667835
2/2/2010,0.235120565
2/3/2010,0.206569108
2/4/2010,0.337942624
2/5/2010,0.804988562
2/8/2010,0.378247136
2/9/2010,0.724066719
2/10/2010,0.520234691
2/11/2010,0.495648385
2/12/2010,0.647160548
2/15/2010,0.171576411
2/16/2010,0.374774874
2/17/2010,0.375173824
2/18/2010,0.691823576
2/19/2010,0.616018431
2/22/2010,0.36285449
2/23/2010,0.509241043
2/24/2010,0.430365402
2/25/2010,0.492793891
2/26/2010,0.479671378
3/1/2010,0.75696009
3/2/2010,0.713102783
3/3/2010,0.496886413
3/4/2010,0.437798187
3/5/2010,0.32813651
3/8/2010,0.248019854
3/9/2010,0.269263033
3/10/2010,0.258789324
3/11/2010,0.305715392
3/12/2010,0.296248309
3/15/2010,0.226741535
3/16/2010,0.336762143
3/17/2010,0.224048039
3/18/2010,0.357402849
3/19/2010,0.228376694
3/22/2010,0.28892484
3/23/2010,0.346795817
3/24/2010,0.537538227
3/25/2010,0.50167893
3/26/2010,0.389152101
3/29/2010,0.342448749
3/30/2010,0.299738956
3/31/2010,0.325353683
4/1/2010,0.38796182
4/2/2010,0.176375537
4/5/2010,0.25804673
4/6/2010,0.281807119
4/7/2010,0.243314207
4/8/2010,0.244292847
4/9/2010,0.439580221
4/12/2010,0.450700139
4/13/2010,0.323174731
4/14/2010,0.303786315
4/15/2010,0.259527267
4/16/2010,0.355447612
4/19/2010,0.245747827
4/20/2010,0.242611885
4/21/2010,0.228119183
4/22/2010,0.308542602
4/23/2010,0.673427952
4/26/2010,0.367528044
4/27/2010,0.584165299
4/28/2010,0.976735449
4/29/2010,0.441066173
4/30/2010,0.460952497
5/3/2010,0.386499597
5/4/2010,0.402816252
5/5/2010,0.735299556
5/6/2010,1.448687195
5/7/2010,2.487914523
5/10/2010,2.435639033
5/11/2010,1.25025247
5/12/2010,0.873028408
5/13/2010,0.63613058
5/14/2010,0.990276277
5/17/2010,1.3734322
5/18/2010,1.386617588
5/19/2010,2.044017818
5/20/2010,1.897607462
5/21/2010,1.897677424
5/24/2010,0.911567415
5/25/2010,1.032516728
5/26/2010,0.937766467
5/27/2010,1.191610004
5/28/2010,1.167486175
5/31/2010,0.375128779
6/1/2010,0.899905606
6/2/2010,0.900581425
6/3/2010,0.62302918
6/4/2010,1.151018987
6/7/2010,0.81483114
6/8/2010,0.706927771
6/9/2010,0.530574472
6/10/2010,0.859388237
6/11/2010,0.55348416
6/14/2010,0.667232845
6/15/2010,0.571646905
6/16/2010,0.4542939
6/17/2010,0.537658728
6/18/2010,0.319431792
6/21/2010,0.647840313
6/22/2010,0.525613443
6/23/2010,0.469593125
6/24/2010,0.527107697
6/25/2010,0.405958613
6/28/2010,0.343796585
6/29/2010,0.460652741
6/30/2010,0.592304872
7/1/2010,0.760295426
7/2/2010,0.48055709
7/5/2010,0.163413421
7/6/2010,0.551765272
7/7/2010,0.421934293
7/8/2010,0.421146796
7/9/2010,0.303853927
7/12/2010,0.255974748
7/13/2010,0.483643794
7/14/2010,0.454747916
7/15/2010,0.520151768
7/16/2010,0.462396717
7/19/2010,0.432523617
7/20/2010,0.456033125
7/21/2010,0.557706037
7/22/2010,0.453937177
7/23/2010,0.848493309
7/26/2010,0.521224527
7/27/2010,0.525033894
7/28/2010,0.305461814
7/29/2010,0.32005249
7/30/2010,0.411978303
8/2/2010,0.326635284
8/3/2010,0.289821524
8/4/2010,0.325677622
8/5/2010,0.358040347
8/6/2010,0.386871324
8/9/2010,0.188615238
8/10/2010,0.678960331
8/11/2010,0.667792063
8/12/2010,0.747884638
8/13/2010,0.599290924
8/16/2010,0.527085618
8/17/2010,0.416453206
8/18/2010,0.417229177
8/19/2010,0.587938281
8/20/2010,0.488516808
8/23/2010,0.340112396
8/24/2010,0.544104032
8/25/2010,0.486087092
8/26/2010,0.588726771
8/27/2010,0.409903986
8/30/2010,0.257130283
8/31/2010,0.362111967
9/1/2010,0.422699163
9/2/2010,0.352739897
9/3/2010,0.235830608
9/6/2010,0.148704805
9/7/2010,0.396853958
9/8/2010,0.338530254
9/9/2010,0.344940766
9/10/2010,0.384723406
9/13/2010,0.334672269
9/14/2010,0.48155127
9/15/2010,0.479358662
9/16/2010,0.454382142
9/17/2010,0.483258652
9/20/2010,0.272277453
9/21/2010,0.767104013
9/22/2010,0.4743206
9/23/2010,0.47199809
9/24/2010,0.611273763
9/27/2010,0.367486471
9/28/2010,0.669107436
9/29/2010,0.413475302
9/30/2010,0.630341266
10/1/2010,0.343740056
10/4/2010,0.315256409
10/5/2010,0.560139769
10/6/2010,0.408771142
10/7/2010,0.489796223
10/8/2010,0.899301708
10/11/2010,0.398253664
10/12/2010,0.556199765
10/13/2010,0.413441226
10/14/2010,0.58540334
10/15/2010,0.942557315
10/18/2010,0.553954554
10/19/2010,0.780201454
10/20/2010,0.681774856
10/21/2010,0.916987791
10/22/2010,0.66450509
10/25/2010,0.44864808
10/26/2010,0.500770334
10/27/2010,0.558930303
10/28/2010,0.371522801
10/29/2010,0.429049577
11/1/2010,0.402981175
11/2/2010,0.319438195
11/3/2010,0.712391235
11/4/2010,0.506896467
11/5/2010,0.715776574
11/8/2010,0.730592384
11/9/2010,0.703593263
11/10/2010,0.914342153
11/11/2010,0.611995603
11/12/2010,1.065171968
11/15/2010,0.586448193
11/16/2010,0.617016059
11/17/2010,0.471187269
11/18/2010,0.454422279
11/19/2010,0.441787981
11/22/2010,0.463564611
11/23/2010,0.859123923
11/24/2010,0.824476129
11/25/2010,0.361268532
11/26/2010,0.553878433
11/29/2010,0.698494137
11/30/2010,0.802714871
12/1/2010,0.985104853
12/2/2010,0.742101754
12/3/2010,0.715177462
12/6/2010,0.662364618
12/7/2010,0.655693249
12/8/2010,0.601177871
12/9/2010,0.516285934
12/10/2010,0.341797986
12/13/2010,0.415727256
12/14/2010,0.606486492
12/15/2010,0.590916895
12/16/2010,0.364650067
12/17/2010,0.541598942
12/20/2010,0.412044794
12/21/2010,0.399076086
12/22/2010,0.302796418
12/23/2010,0.534415026
12/24/2010,0.160696639
12/27/2010,0.251897155
12/28/2010,0.483612637
12/29/2010,0.351695505
12/30/2010,0.264255192
12/31/2010,0.483976017
1/3/2011,0.474649297
1/4/2011,0.539830502
1/5/2011,0.629457981
1/6/2011,0.445628651
1/7/2011,0.659327698
1/10/2011,0.5128696
1/11/2011,0.601079548
1/12/2011,0.636385148
1/13/2011,0.702560688
1/14/2011,0.699507377
1/17/2011,0.381757076
1/18/2011,0.703405876
1/19/2011,0.656864679
1/20/2011,0.583171451
1/21/2011,0.59981594
1/24/2011,0.473802759
1/25/2011,0.695198629
1/26/2011,0.620723176
1/27/2011,0.56504419
1/28/2011,0.495695421
1/31/2011,0.49756657
2/1/2011,0.468742171
2/2/2011,0.308476929
2/3/2011,0.445554301
2/4/2011,0.416745535
2/7/2011,0.343139765
2/8/2011,0.468067683
2/9/2011,0.376441337
2/10/2011,0.341668045
2/11/2011,0.30478767
2/14/2011,0.380066356
2/15/2011,0.382326514
2/16/2011,0.454012494
2/17/2011,0.363343027
2/18/2011,0.357402479
2/21/2011,0.188377435
2/22/2011,0.593377449
2/23/2011,0.336901057
2/24/2011,0.443718387
2/25/2011,0.282231707
2/28/2011,0.318379654
3/1/2011,0.258587069
3/2/2011,0.265100197
3/3/2011,0.557241458
3/4/2011,0.21078779
3/7/2011,0.206198211
3/8/2011,0.241180238
3/9/2011,0.269665416
3/10/2011,0.299761006
3/11/2011,0.334745085
3/14/2011,0.374275265
3/15/2011,0.589760748
3/16/2011,0.405307943
3/17/2011,0.819243578
3/18/2011,0.553266541
3/21/2011,0.30117111
3/22/2011,0.178349293
3/23/2011,0.377871893
3/24/2011,0.31625563
3/25/2011,0.348844938
3/28/2011,0.249474173
3/29/2011,0.268328281
3/30/2011,0.324946801
3/31/2011,0.295677769
4/1/2011,0.451886539
4/4/2011,0.244420508
4/5/2011,0.293416392
4/6/2011,0.218751025
4/7/2011,0.318358235
4/8/2011,0.265783766
4/11/2011,0.208004447
4/12/2011,0.363420626
4/13/2011,0.309172485
4/14/2011,0.41916743
4/15/2011,0.349828354
4/18/2011,0.857720795
4/19/2011,0.343409575
4/20/2011,0.416507998
4/21/2011,0.409400715
4/22/2011,0.097383226
4/25/2011,0.272534711
4/26/2011,0.398484315
4/27/2011,0.504367083
4/28/2011,0.404118005
4/29/2011,0.220067554
5/2/2011,0.555103412
5/3/2011,0.440957408
5/4/2011,0.469103252
5/5/2011,0.908414375
5/6/2011,1.244111475
5/9/2011,0.732948672
5/10/2011,0.672735333
5/11/2011,0.553587653
5/12/2011,0.694987623
5/13/2011,0.736081199
5/16/2011,0.520125756
5/17/2011,0.715005011
5/18/2011,0.403088983
5/19/2011,0.384906707
5/20/2011,0.493129417
5/23/2011,0.573839061
5/24/2011,0.481808843
5/25/2011,0.609338843
5/26/2011,0.536799629
5/27/2011,0.577493227
5/30/2011,0.161066855
5/31/2011,0.362364236
6/1/2011,0.494216285
6/2/2011,0.442934568
6/3/2011,0.445220698
6/6/2011,0.261918201
6/7/2011,0.232963907
6/8/2011,0.336912217
6/9/2011,0.391882571
6/10/2011,0.372806979
6/13/2011,0.322774209
6/14/2011,0.263680357
6/15/2011,0.452533044
6/16/2011,0.906477243
6/17/2011,0.778247456
6/20/2011,0.475863382
6/21/2011,0.44089729
6/22/2011,0.478630973
6/23/2011,0.664574094
6/24/2011,0.55012262
6/27/2011,0.529928819
6/28/2011,0.513961317
6/29/2011,0.502777753
6/30/2011,0.390169647
7/1/2011,0.406821991
7/4/2011,0.228417354
7/5/2011,0.332034111
7/6/2011,0.333346903
7/7/2011,0.44409186
7/8/2011,0.544769819
7/11/2011,0.559892716
7/12/2011,1.191973917
7/13/2011,0.839143622
7/14/2011,0.884016791
7/15/2011,0.615920106
7/18/2011,0.568456782
7/19/2011,0.58250282
7/20/2011,0.41443835
7/21/2011,0.758124687
7/22/2011,0.340862933
7/25/2011,0.381881813
7/26/2011,0.380825465
7/27/2011,0.437624817
7/28/2011,0.449773832
7/29/2011,0.663736752
8/1/2011,0.688241903
8/2/2011,0.677860143
8/3/2011,0.75893089
8/4/2011,0.999077409
8/5/2011,1.240915313
8/8/2011,1.327025778
8/9/2011,1.48971053
8/10/2011,0.777702003
8/11/2011,1.132561112
8/12/2011,0.579402508
8/15/2011,0.481703518
8/16/2011,0.558451274
8/17/2011,0.489529356
8/18/2011,0.607850214
8/19/2011,0.534824426
8/22/2011,0.241722245
8/23/2011,0.441590884
8/24/2011,0.380456653
8/25/2011,0.4314918
8/26/2011,0.433887762
8/29/2011,0.288681355
8/30/2011,0.337727424
8/31/2011,0.331076825
9/1/2011,0.462529568
9/2/2011,0.487782829
9/5/2011,0.347599166
9/6/2011,1.116066607
9/7/2011,0.613697668
9/8/2011,0.671215259
9/9/2011,1.029298519
9/12/2011,1.472769659
9/13/2011,1.09189247
9/14/2011,1.102765183
9/15/2011,0.884295375
9/16/2011,0.613336734
9/19/2011,0.593015186
9/20/2011,0.772119734
9/21/2011,0.932016237
9/22/2011,1.272520977
9/23/2011,1.019494554
9/26/2011,1.054864342
9/27/2011,0.903869121
9/28/2011,0.689650654
9/29/2011,0.715123261
9/30/2011,0.676410499
10/3/2011,0.732729748
10/4/2011,1.081474044
10/5/2011,0.84159788
10/6/2011,0.861158577
10/7/2011,0.744054549
10/10/2011,0.52658707
10/11/2011,0.50887936
10/12/2011,0.612010122
10/13/2011,0.557219536
10/14/2011,0.64031028
10/17/2011,0.557085377
10/18/2011,0.791592327
10/19/2011,0.66314979
10/20/2011,1.003346003
10/21/2011,0.665306151
10/24/2011,0.528883597
10/25/2011,0.681090782
10/26/2011,0.625385292
10/27/2011,0.695676852
10/28/2011,0.404819143
10/31/2011,0.906910949
11/1/2011,1.27230002
11/2/2011,0.810697846
11/3/2011,1.346270281
11/4/2011,0.671642591
11/7/2011,0.618255051
11/8/2011,0.509704345
11/9/2011,0.745733466
11/10/2011,0.862306421
11/11/2011,0.587984257
11/14/2011,0.557606422
11/15/2011,0.611338065
11/16/2011,0.68703082
11/17/2011,0.733167756
11/18/2011,0.570273036
11/21/2011,0.567622403
11/22/2011,0.413002339
11/23/2011,0.594391625
11/24/2011,0.305399788
11/25/2011,0.376585208
11/28/2011,0.542211989
11/29/2011,0.569967564
11/30/2011,1.919930028
12/1/2011,0.552294259
12/2/2011,0.400903879
12/5/2011,0.37984148
12/6/2011,0.261859099
12/7/2011,0.26598531
12/8/2011,0.526366114
12/9/2011,0.463570119
12/12/2011,0.468949971
12/13/2011,0.637012539
12/14/2011,0.518133662
12/15/2011,0.391429198
12/16/2011,0.268290872
12/19/2011,0.205463402
12/20/2011,0.237820519
12/21/2011,0.504628684
12/22/2011,0.39122107
12/23/2011,0.173957561
12/27/2011,0.077426746
12/28/2011,0.255387974
12/29/2011,0.395998151
12/30/2011,0.284334119
1/3/2012,0.310213507
1/4/2012,0.31426621
1/5/2012,0.468120957
1/6/2012,0.38820664
1/9/2012,0.357074129
1/10/2012,0.334010011
1/11/2012,0.413066241
1/12/2012,0.391095175
1/13/2012,0.698290886
1/16/2012,0.271826346
1/17/2012,0.402158687
1/18/2012,0.62586133
1/19/2012,0.398743463
1/20/2012,0.370470432
1/23/2012,0.381316065
1/24/2012,0.470370561
1/25/2012,0.551050159
1/26/2012,0.35589893
1/27/2012,0.585661899
1/30/2012,0.310353173
1/31/2012,0.406434251
2/1/2012,0.598959835
2/2/2012,0.572073499
2/3/2012,0.540354239
2/6/2012,0.455303602
2/7/2012,0.515615207
2/8/2012,0.362562929
2/9/2012,0.53084497
2/10/2012,0.318270264
2/13/2012,0.307540445
2/14/2012,0.389198657
2/15/2012,0.47986888
2/16/2012,0.510178224
2/17/2012,0.299706178
2/20/2012,0.273658957
2/21/2012,0.753921974
2/22/2012,0.294051324
2/23/2012,0.31308206
2/24/2012,0.241581568
2/27/2012,0.318836125
2/28/2012,0.304808379
2/29/2012,0.395477266
3/1/2012,0.315110192
3/2/2012,0.261775008
3/5/2012,0.348010357
3/6/2012,0.230523496
3/7/2012,0.238342497
3/8/2012,0.336495276
3/9/2012,0.313716093
3/12/2012,0.254685109
3/13/2012,0.301255216
3/14/2012,0.319284416
3/15/2012,0.26047704
3/16/2012,0.31994511
3/19/2012,0.208458145
3/20/2012,0.242695662
3/21/2012,0.242372937
3/22/2012,0.285144643
3/23/2012,0.30931095
3/26/2012,0.3375243
3/27/2012,0.220350795
3/28/2012,0.266894374
3/29/2012,0.266148233
3/30/2012,0.327978331
4/2/2012,0.197915867
4/3/2012,0.387702566
4/4/2012,0.311329515
4/5/2012,0.187484496
4/6/2012,0.185631749
4/9/2012,0.220095797
4/10/2012,0.340780038
4/11/2012,0.275808804
4/12/2012,0.239507164
4/13/2012,0.196902688
4/16/2012,0.379467649
4/17/2012,0.221221698
4/18/2012,0.330502854
4/19/2012,0.260118516
4/20/2012,0.22602403
4/23/2012,0.167464606
4/24/2012,0.157211463
4/25/2012,0.311522944
4/26/2012,0.194721143
4/27/2012,0.244863495
4/30/2012,0.099397538
5/1/2012,0.188100068
5/2/2012,0.280575986
5/3/2012,0.154930426
5/4/2012,0.151397665
5/7/2012,0.313347737
5/8/2012,0.227408927
5/9/2012,0.263293513
5/10/2012,0.190872316
5/11/2012,0.191521881
5/14/2012,0.195557333
5/15/2012,0.276211935
5/16/2012,0.375147845
5/17/2012,0.347164113
5/18/2012,0.391594239
5/21/2012,0.264163381
5/22/2012,0.317207899
5/23/2012,0.419975767
5/24/2012,0.4582437
5/25/2012,0.332402225
5/28/2012,0.220659724
5/29/2012,0.307016566
5/30/2012,0.360302666
5/31/2012,0.38309802
6/1/2012,0.728711359
6/4/2012,0.335978156
6/5/2012,0.386844254
6/6/2012,0.388293565
6/7/2012,0.467203452
6/8/2012,0.335525468
6/11/2012,0.41390661
6/12/2012,0.450319874
6/13/2012,0.358955382
6/14/2012,0.325590803
6/15/2012,0.249661237
6/18/2012,0.481734637
6/19/2012,0.309792023
6/20/2012,0.551350383
6/21/2012,0.436995375
6/22/2012,0.27375593
6/25/2012,0.184492979
6/26/2012,0.321681812
6/27/2012,0.174060215
6/28/2012,0.298460814
6/29/2012,1.026701705
7/2/2012,0.226264446
7/3/2012,0.173859183
7/4/2012,0.163722116
7/5/2012,0.413271408
7/6/2012,0.222753666
7/9/2012,0.235606591
7/10/2012,0.192738695
7/11/2012,0.251099127
7/12/2012,0.220704626
7/13/2012,0.31195111
7/16/2012,0.243489668
7/17/2012,0.375412677
7/18/2012,0.302677369
7/19/2012,0.313979514
7/20/2012,0.328982
7/23/2012,0.303440978
7/24/2012,0.256076875
7/25/2012,0.425783785
7/26/2012,0.554964496
7/27/2012,0.848804818
7/30/2012,0.240305531
7/31/2012,0.341823574
8/1/2012,0.409194625
8/2/2012,1.128573129
8/3/2012,0.478074803
8/6/2012,0.356082141
8/7/2012,0.176264485
8/8/2012,0.174021222
8/9/2012,0.249763163
8/10/2012,0.200733365
8/13/2012,0.188567601
8/14/2012,0.159654982
8/15/2012,0.134863342
8/16/2012,0.151691049
8/17/2012,0.195860126
8/20/2012,0.198035382
8/21/2012,0.273761559
8/22/2012,0.288325315
8/23/2012,0.220781323
8/24/2012,0.281352527
8/27/2012,0.117101999
8/28/2012,0.171748945
8/29/2012,0.153049937
8/30/2012,0.151785168
8/31/2012,0.465560444
9/3/2012,0.115165852
9/4/2012,0.195753179
9/5/2012,0.315104341
9/6/2012,0.351772103
9/7/2012,0.293061971
9/10/2012,0.146922252
9/11/2012,0.198047109
9/12/2012,0.348028343
9/13/2012,0.450429198
9/14/2012,0.278980431
9/17/2012,0.278372581
9/18/2012,0.262524592
9/19/2012,0.240240726
9/20/2012,0.299576889
9/21/2012,0.474913711
9/24/2012,0.281822091
9/25/2012,0.254329665
9/26/2012,0.221454183
9/27/2012,0.267522582
9/28/2012,0.258190432
10/1/2012,0.281045616
10/2/2012,0.21604572
10/3/2012,0.21555885
10/4/2012,0.258597647
10/5/2012,0.171462956
10/8/2012,0.152075755
10/9/2012,0.250091979
10/10/2012,0.227048911
10/11/2012,0.247525278
10/12/2012,0.227455747
10/15/2012,0.167655042
10/16/2012,0.171348398
10/17/2012,0.234785246
10/18/2012,0.183558077
10/19/2012,0.169901119
10/22/2012,0.158784186
10/23/2012,0.150431654
10/24/2012,0.229791301
10/25/2012,0.194608385
10/26/2012,0.219620972
10/29/2012,0.141248959
10/30/2012,0.127370955
10/31/2012,0.140347429
11/1/2012,0.146280257
11/2/2012,0.249509477
11/5/2012,0.175155554
11/6/2012,0.173721665
11/7/2012,0.333293273
11/8/2012,0.246161877
11/9/2012,0.189990954
11/12/2012,0.138338699
11/13/2012,0.195498105
11/14/2012,0.18665584
11/15/2012,0.160750557
11/16/2012,0.187972264
11/19/2012,0.160454324
11/20/2012,0.299419069
11/21/2012,0.21034694
11/22/2012,0.15730184
11/23/2012,0.18495213
11/26/2012,0.138081612
11/27/2012,0.206513309
11/28/2012,0.16406772
11/29/2012,0.158208935
11/30/2012,0.205138985
12/3/2012,0.152754621
12/4/2012,0.123689351
12/5/2012,0.104042407
12/6/2012,0.189897679
12/7/2012,0.221597654
12/10/2012,0.134234452
12/11/2012,0.144516988
12/12/2012,0.119269222
12/13/2012,0.179709954
12/14/2012,0.226145912
12/17/2012,0.157854179
12/18/2012,0.088376463
12/19/2012,0.148063947
12/20/2012,0.248963415
12/21/2012,0.261523634
12/24/2012,0.088659156
12/27/2012,0.224070809
12/28/2012,0.198568287
12/31/2012,0.325387574
1/2/2013,0.447716872
1/3/2013,0.324322134
1/4/2013,0.269029566
1/7/2013,0.21687159
1/8/2013,0.219054296
1/9/2013,0.154458356
1/10/2013,0.288232041
1/11/2013,0.316071627
1/14/2013,0.227570111
1/15/2013,0.373722081
1/16/2013,0.302954059
1/17/2013,0.25863852
1/18/2013,0.354696722
1/21/2013,0.130797647
1/22/2013,0.388536306
1/23/2013,0.289065188
1/24/2013,0.330553461
1/25/2013,0.306056098
1/28/2013,0.215945392
1/29/2013,0.182983238
1/30/2013,0.173498792
1/31/2013,0.151347516
2/1/2013,0.360515444
2/4/2013,0.253674514
2/5/2013,0.439717759
2/6/2013,0.285740538
2/7/2013,0.39516874
2/8/2013,0.270965723
2/11/2013,0.225462235
2/12/2013,0.289441839
2/13/2013,0.231957817
2/14/2013,0.269265488
2/15/2013,0.32474487
2/18/2013,0.151300315
2/19/2013,0.164386456
2/20/2013,0.360795864
2/21/2013,0.334516198
2/22/2013,0.259233728
2/25/2013,0.613267559
2/26/2013,0.634447052
2/27/2013,0.378942854
2/28/2013,0.274994141
3/1/2013,0.339609408
3/4/2013,0.229980109
3/5/2013,0.179880959
3/6/2013,0.130146657
3/7/2013,0.273614303
3/8/2013,0.480703071
3/11/2013,0.143523405
3/12/2013,0.171930112
3/13/2013,0.277291466
3/14/2013,0.222752893
3/15/2013,0.313726005
3/18/2013,0.500566775
3/19/2013,0.657211069
3/20/2013,0.373518519
3/21/2013,0.329812014
3/22/2013,0.292266149
3/25/2013,0.626285176
3/26/2013,0.28739326
3/27/2013,0.229774975
3/28/2013,0.244333175
3/29/2013,0.112006467
4/1/2013,0.122377705
4/2/2013,0.184142984
4/3/2013,0.143226375
4/4/2013,0.657141519
4/5/2013,0.514906159
4/8/2013,0.188856793
4/9/2013,0.293022086
4/10/2013,0.200009368
4/11/2013,0.165979035
4/12/2013,0.233305528
4/15/2013,0.258046037
4/16/2013,0.381844692
4/17/2013,0.400313844
4/18/2013,0.307258655
4/19/2013,0.271545659
4/22/2013,0.16243226
4/23/2013,0.349290614
4/24/2013,0.2071302
4/25/2013,0.218681896
4/26/2013,0.225744782
4/29/2013,0.144967787
4/30/2013,0.233802037
5/1/2013,0.265723376
5/2/2013,0.756011914
5/3/2013,0.797094244
5/6/2013,0.141981697
5/7/2013,0.145727164
5/8/2013,0.185422836
5/9/2013,0.243503839
5/10/2013,0.37229212
5/13/2013,0.248993512
5/14/2013,0.308760524
5/15/2013,0.299717772
5/16/2013,0.299276413
5/17/2013,0.228756177
5/20/2013,0.170005063
5/21/2013,0.240997912
5/22/2013,0.532148991
5/23/2013,0.327425518
5/24/2013,0.290243082
5/27/2013,0.059720054
5/28/2013,0.266970602
5/29/2013,0.336933089
5/30/2013,0.322454727
5/31/2013,0.311095147
6/3/2013,0.417551571
6/4/2013,0.221115746
6/5/2013,0.322135133
6/6/2013,0.599841856
6/7/2013,0.436688473
6/10/2013,0.18268246
6/11/2013,0.308639631
6/12/2013,0.217370269
6/13/2013,0.361220087
6/14/2013,0.133201817
6/17/2013,0.148943985
6/18/2013,0.274160501
6/19/2013,0.346232291
6/20/2013,0.506615888
6/21/2013,0.286822518
6/24/2013,0.331657445
6/25/2013,0.215483768
6/26/2013,0.24261906
6/27/2013,0.181550949
6/28/2013,0.214818812
7/1/2013,0.141814644
7/2/2013,0.187232451
7/3/2013,0.303226887
7/4/2013,0.402471692
7/5/2013,0.285458851
7/8/2013,0.111592462
7/9/2013,0.261243381
7/10/2013,0.787523343
7/11/2013,1.2867543
7/12/2013,0.3396253
7/15/2013,0.285842988
7/16/2013,0.286773401
7/17/2013,0.359266717
7/18/2013,0.163580255
7/19/2013,0.174942519
7/22/2013,0.140036942
7/23/2013,0.123888166
7/24/2013,0.307013458
7/25/2013,0.253195309
7/26/2013,0.15027545
7/29/2013,0.108675373
7/30/2013,0.125306929
7/31/2013,0.396519141
8/1/2013,0.270301698
8/2/2013,0.388390248
8/5/2013,0.140445464
8/6/2013,0.122621409
8/7/2013,0.14995557
8/8/2013,0.12155105
8/9/2013,0.078201782
8/12/2013,0.094904687
8/13/2013,0.165774011
8/14/2013,0.083669988
8/15/2013,0.545908697
8/16/2013,0.134305193
8/19/2013,0.095644121
8/20/2013,0.180719787
8/21/2013,0.236881756
8/22/2013,0.248305548
8/23/2013,0.161840769
8/26/2013,0.077009787
8/27/2013,0.164858033
8/28/2013,0.15453154
8/29/2013,0.197370233
8/30/2013,0.116753913
9/2/2013,0.07153951
9/3/2013,0.151372266
9/4/2013,0.101265686
9/5/2013,0.238373415
9/6/2013,0.272009551
9/9/2013,0.139522595
9/10/2013,0.108472817
9/11/2013,0.136772386
9/12/2013,0.134303436
9/13/2013,0.146107689
9/16/2013,0.127520975
9/17/2013,0.07356299
9/18/2013,0.514107492
9/19/2013,0.196159587
9/20/2013,0.150256869
9/23/2013,0.178857113
9/24/2013,0.104472915
9/25/2013,0.090596183
9/26/2013,0.112257886
9/27/2013,0.104813483
9/30/2013,0.118364152
10/1/2013,0.163882837
10/2/2013,0.189734742
10/3/2013,0.187528971
10/4/2013,0.114094812
10/7/2013,0.088800508
10/8/2013,0.08645131
10/9/2013,0.166212438
10/10/2013,0.113133515
10/11/2013,0.118801058
10/14/2013,0.077437108
10/15/2013,0.171664505
10/16/2013,0.188256416
10/17/2013,0.21234733
10/18/2013,0.084830912
10/21/2013,0.074612489
10/22/2013,0.25991001
10/23/2013,0.088980778
10/24/2013,0.159798639
10/25/2013,0.136347611
10/28/2013,0.081272825
10/29/2013,0.16408797
10/30/2013,0.135121988
10/31/2013,0.206139839
11/1/2013,0.163360359
11/4/2013,0.172786915
11/5/2013,0.13116315
11/6/2013,0.167059123
11/7/2013,1.402443642
11/8/2013,0.33991815
11/11/2013,0.085556675
11/12/2013,0.226636166
11/13/2013,0.232834279
11/14/2013,0.191009892
11/15/2013,0.11960211
11/18/2013,0.106353224
11/19/2013,0.180098151
11/20/2013,0.5085278
11/21/2013,0.297824334
11/22/2013,0.114906304
11/25/2013,0.11498159
11/26/2013,0.164242495
11/27/2013,0.138335286
11/28/2013,0.098930627
11/29/2013,0.107755748
12/2/2013,0.16833152
12/3/2013,0.097119258
12/4/2013,0.134955882
12/5/2013,0.328622414
12/6/2013,0.207900383
12/9/2013,0.065924566
12/10/2013,0.105393322
12/11/2013,0.144852071
12/12/2013,0.161935863
12/13/2013,0.113373969
12/16/2013,0.112870966
12/17/2013,0.115089206
12/18/2013,0.474346958
12/19/2013,0.165401485
12/20/2013,0.144972446
12/23/2013,0.06700701
12/24/2013,0.054223028
12/27/2013,0.370136689
12/30/2013,0.141377206
12/31/2013,0.173742683
1/2/2014,0.281905465
1/3/2014,0.153415935
1/6/2014,0.145479967
1/7/2014,0.145442896
1/8/2014,0.169712876
1/9/2014,0.226374001
1/10/2014,0.514861171
1/13/2014,0.101668247
1/14/2014,0.096764158
1/15/2014,0.147166043
1/16/2014,0.1639657
1/17/2014,0.115618171
1/20/2014,0.081723259
1/21/2014,0.108431126
1/22/2014,0.107863976
1/23/2014,0.216587459
1/24/2014,0.238265757
1/27/2014,0.130219908
1/28/2014,0.108179217
1/29/2014,0.2311836
1/30/2014,0.173717329
1/31/2014,0.193705415
2/3/2014,0.156221669
2/4/2014,0.132864383
2/5/2014,0.136644327
2/6/2014,0.336859698
2/7/2014,0.195038766
2/10/2014,0.060831417
2/11/2014,0.141240506
2/12/2014,0.150903303
2/13/2014,0.178124816
2/14/2014,0.087697626
2/17/2014,0.084816017
2/18/2014,0.093671835
2/19/2014,0.061199382
2/20/2014,0.105315877
2/21/2014,0.087519726
2/24/2014,0.079164629
2/25/2014,0.087565753
2/26/2014,0.092522408
2/27/2014,0.120390086
2/28/2014,0.345760534
3/3/2014,0.148456202
3/4/2014,0.128736719
3/5/2014,0.139704461
3/6/2014,0.176343536
3/7/2014,0.130977276
3/10/2014,0.066830976
3/11/2014,0.070991472
3/12/2014,0.081573171
3/13/2014,0.26363985
3/14/2014,0.135553484
3/17/2014,0.098749014
3/18/2014,0.152993645
3/19/2014,0.186587102
3/20/2014,0.138022893
3/21/2014,0.111337698
3/24/2014,0.250307557
3/25/2014,0.169876132
3/26/2014,0.135282523
3/27/2014,0.146387837
3/28/2014,0.14063756
3/31/2014,0.152660934
4/1/2014,0.072910257
4/2/2014,0.072893467
4/3/2014,0.234421301
4/4/2014,0.172217185
4/7/2014,0.047292991
4/8/2014,0.08129721
4/9/2014,0.138875829
4/10/2014,0.067173471
4/11/2014,0.052042501
4/14/2014,0.085602321
4/15/2014,0.080835335
4/16/2014,0.087468413
4/17/2014,0.056041694
4/18/2014,0.013441526
4/21/2014,0.02524738
4/22/2014,0.053585178
4/23/2014,0.108197298
4/24/2014,0.085546567
4/25/2014,0.038720508
4/28/2014,0.069142774
4/29/2014,0.094271143
4/30/2014,0.120446932
5/1/2014,0.028231199
5/2/2014,0.139181608
5/5/2014,0.029710696
5/6/2014,0.072665638
5/7/2014,0.058338123
5/8/2014,0.372390131
5/9/2014,0.088584446
5/12/2014,0.042312267
5/13/2014,0.125810007
5/14/2014,0.073041748
5/15/2014,0.134900649
5/16/2014,0.074296934
5/19/2014,0.04612118
5/20/2014,0.049493985
5/21/2014,0.097606971
5/22/2014,0.07245171
5/23/2014,0.042832543
5/26/2014,0.032444227
5/27/2014,0.049963225
5/28/2014,0.069754811
5/29/2014,0.056881171
5/30/2014,0.0628674
6/3/2014,0.079265051
6/4/2014,0.067496178
6/5/2014,0.491512362
6/6/2014,0.149431403
6/9/2014,0.056181081
6/10/2014,0.075719159
6/11/2014,0.064205927
6/12/2014,0.094245371
6/13/2014,0.065022336
6/16/2014,0.090562995
6/17/2014,0.063878611
6/18/2014,0.092619946
6/19/2014,0.076499869
6/20/2014,0.055813892
6/23/2014,0.056568972
6/24/2014,0.056300588
6/25/2014,0.061942364
6/26/2014,0.103729559
6/27/2014,0.038743599
6/30/2014,0.063170192
7/1/2014,0.040108412
7/2/2014,0.040399794
7/3/2014,0.091619244
7/4/2014,0.017869042
7/7/2014,0.032757537
7/8/2014,0.027007974
7/9/2014,0.052426551
7/10/2014,0.052250171
7/11/2014,0.036108008
7/14/2014,0.040524287
7/15/2014,0.089662397
7/16/2014,0.045229247
7/17/2014,0.040358493
7/18/2014,0.080279416
7/21/2014,0.035007194
7/22/2014,0.078523611
7/23/2014,0.040333911
7/24/2014,0.060398392
7/25/2014,0.049395851
7/28/2014,0.019043678
7/29/2014,0.027505841
7/30/2014,0.115278789
7/31/2014,0.055706282
8/1/2014,0.109982387
8/4/2014,0.023571969
8/5/2014,0.042570829
8/6/2014,0.079426783
8/7/2014,0.091026362
8/8/2014,0.087804904
8/11/2014,0.031374928
8/12/2014,0.045282525
8/13/2014,0.117003841
8/14/2014,0.085315538
8/15/2014,0.100782997
8/18/2014,0.037939197
8/19/2014,0.091957947
8/20/2014,0.079778237
8/21/2014,0.065334036
8/22/2014,0.102208076
8/25/2014,0.061040403
8/26/2014,0.083926663
8/27/2014,0.093090934
8/28/2014,0.108427737
8/29/2014,0.084945386
9/1/2014,0.030264146
9/2/2014,0.047304942
9/3/2014,0.112549067
9/4/2014,0.83173569
9/5/2014,0.144309962
9/8/2014,0.110048708
9/9/2014,0.194299823
9/10/2014,0.205425925
9/11/2014,0.143026209
9/12/2014,0.133595916
9/15/2014,0.106416004
9/16/2014,0.149933292
9/17/2014,0.421488535
9/18/2014,0.218626929
9/19/2014,0.18195468
9/22/2014,0.120310271
9/23/2014,0.112046743
9/24/2014,0.129744427
9/25/2014,0.219140348
9/26/2014,0.10416488
9/29/2014,0.132806943
9/30/2014,0.246882616
10/1/2014,0.229087936
10/2/2014,0.380218932
10/3/2014,0.411515733
10/6/2014,0.212414678
10/7/2014,0.289042317
10/8/2014,0.53303654
10/9/2014,0.39662322
10/10/2014,0.211073186
10/13/2014,0.278166719
10/14/2014,0.223303308
10/15/2014,0.844694942
10/16/2014,0.760448006
10/17/2014,0.334258014
10/20/2014,0.194595159
10/21/2014,0.296284657
10/22/2014,0.268895757
10/23/2014,0.250656463
10/24/2014,0.134212175
10/27/2014,0.129923588
10/28/2014,0.19219037
10/29/2014,0.310275684
10/30/2014,0.216819155
10/31/2014,0.473591404
11/3/2014,0.27701139
11/4/2014,0.158167988
11/5/2014,0.223110082
11/6/2014,0.604252237
11/7/2014,0.381890837
11/10/2014,0.190141958
11/11/2014,0.189375081
11/12/2014,0.303284194
11/13/2014,0.160618073
11/14/2014,0.414244553
11/17/2014,0.250560264
11/18/2014,0.163054016
11/19/2014,0.214020149
11/20/2014,0.360493667
11/21/2014,0.305986189
11/24/2014,0.196432607
11/25/2014,0.182497176
11/26/2014,0.24665147
11/27/2014,0.137901443
11/28/2014,0.184176249
12/1/2014,0.242256913
12/2/2014,0.133029125
12/3/2014,0.192346763
12/4/2014,0.678730283
12/5/2014,0.461617489
12/8/2014,0.184432415
12/9/2014,0.335134675
12/10/2014,0.22837618
12/11/2014,0.465993552
12/12/2014,0.288339727
12/15/2014,0.271349508
12/16/2014,0.443491159
12/17/2014,0.62363278
12/18/2014,0.355839763
12/19/2014,0.20693088
12/22/2014,0.133233037
12/23/2014,0.127494474
12/24/2014,0.085797056
12/26/2014,0.063502823
12/29/2014,0.177085362
12/30/2014,0.175207515
12/31/2014,0.115239878
1/2/2015,0.228978485
1/5/2015,0.434498744
1/6/2015,0.335472087
1/7/2015,0.376289575
1/8/2015,0.259373577
1/9/2015,0.308036625
1/12/2015,0.251636462
1/13/2015,0.291610831
1/14/2015,0.487764395
1/15/2015,2.285965845
1/16/2015,0.64344896
1/19/2015,0.344399324
1/20/2015,0.288988127
1/21/2015,0.940190296
1/22/2015,1.590153204
1/23/2015,1.879984424
1/26/2015,0.82169808
1/27/2015,0.885411072
1/28/2015,0.571979708
1/29/2015,0.429935999
1/30/2015,0.528070678
2/2/2015,0.368374529
2/3/2015,0.511995597
2/4/2015,0.481465799
2/5/2015,0.651830457
2/6/2015,1.021533602
2/9/2015,0.304127412
2/10/2015,0.442201509
2/11/2015,0.322633402
2/12/2015,0.474343685
2/13/2015,0.270346757
2/16/2015,0.258544204
2/17/2015,0.334999232
2/18/2015,0.469714669
2/19/2015,0.303961242
2/20/2015,0.639893494
2/23/2015,0.284421902
2/24/2015,0.290054542
2/25/2015,0.191318735
2/26/2015,0.281439833
2/27/2015,0.355558064
3/2/2015,0.153903158
3/3/2015,0.186067162
3/4/2015,0.304681105
3/5/2015,0.44065581
3/6/2015,1.045681648
3/9/2015,0.259969151
3/10/2015,0.701345412
3/11/2015,0.852996807
3/12/2015,1.341054701
3/13/2015,0.778047824
3/16/2015,0.559261305
3/17/2015,0.399297388
3/18/2015,5.829304023
3/19/2015,1.656868108
3/20/2015,0.913228609
3/23/2015,1.155201783
3/24/2015,1.126284236
3/25/2015,0.500952623
3/26/2015,0.60530993
3/27/2015,0.73350815
3/30/2015,0.531694032
3/31/2015,0.481033263
4/1/2015,0.561293187
4/2/2015,0.58336835
4/3/2015,1.372784998
4/6/2015,0.41829626
4/7/2015,0.527744803
4/8/2015,0.633631372
4/9/2015,0.421900056
4/10/2015,0.489789619
4/13/2015,0.498423523
4/14/2015,0.890362422
4/15/2015,0.807419971
4/16/2015,1.112162128
4/17/2015,0.772162333
4/20/2015,0.45363977
4/21/2015,0.50146394
4/22/2015,0.504858451
4/23/2015,0.717615411
4/24/2015,0.734125849
4/27/2015,0.449248665
4/28/2015,0.476582016
4/29/2015,1.108148288
4/30/2015,1.515201691
5/1/2015,0.733196123
5/4/2015,0.371659725
5/5/2015,0.873035577
5/6/2015,0.763895715
5/7/2015,0.696639516
5/8/2015,1.510051202
5/11/2015,0.50640062
5/12/2015,0.469029188
5/13/2015,0.741317992
5/14/2015,0.569584303
5/15/2015,0.611771595
5/18/2015,0.465839372
5/19/2015,1.110732461
5/20/2015,0.828873482
5/21/2015,0.602796089
5/22/2015,0.862321064
5/25/2015,0.236334387
5/26/2015,0.541224141
5/27/2015,0.713324069
5/28/2015,0.635797668
5/29/2015,0.49097612
6/1/2015,0.598566889
6/2/2015,0.899739167
6/3/2015,1.212612347
6/4/2015,0.83050759
6/5/2015,1.502197783
6/8/2015,0.797505609
6/9/2015,0.713197282
6/10/2015,0.916264577
6/11/2015,0.566302346
6/12/2015,0.75297528
6/15/2015,0.52890115
6/16/2015,0.390328189
6/17/2015,0.426558099
6/18/2015,0.761791323
6/19/2015,0.381946294
6/22/2015,0.490921378
6/23/2015,0.471880071
6/24/2015,0.407434933
6/25/2015,0.3605676
6/26/2015,0.386836097
6/29/2015,1.826190148
6/30/2015,0.713744862
7/1/2015,0.547010587
7/2/2015,0.690468125
7/3/2015,0.256991857
7/6/2015,0.709900217
7/7/2015,0.596734992
7/8/2015,0.604158619
7/9/2015,0.498447152
7/10/2015,0.762201186
7/13/2015,0.937673289
7/14/2015,0.386681559
7/15/2015,0.40860633
7/16/2015,0.516143673
7/17/2015,0.241201483
7/20/2015,0.223304405
7/21/2015,0.359724462
7/22/2015,0.35074143
7/23/2015,0.488391147
7/24/2015,0.407816793
7/27/2015,0.45090531
7/28/2015,0.222963741
7/29/2015,0.411792444
7/30/2015,0.314509919
7/31/2015,1.046594974
8/3/2015,0.240404658
8/4/2015,0.267369797
8/5/2015,0.362921472
8/6/2015,0.223558837
8/7/2015,0.807127347
8/10/2015,0.326063809
8/11/2015,0.516528045
8/12/2015,0.481124305
8/13/2015,0.444757761
8/14/2015,0.290650248
8/17/2015,0.294008983
8/18/2015,0.201074306
8/19/2015,0.429504517
8/20/2015,0.396192251
8/21/2015,0.41063706
8/24/2015,2.409259564
8/25/2015,1.291815626
8/26/2015,1.092506849
8/27/2015,0.650076592
8/28/2015,0.564654892
8/31/2015,0.431675877
9/1/2015,0.690253804
9/2/2015,0.426737584
9/3/2015,0.633776753
9/4/2015,0.631598715
9/7/2015,0.222662958
9/8/2015,0.30541252
9/9/2015,0.278521909
9/10/2015,0.448632695
9/11/2015,0.36928931
9/14/2015,0.238099881
9/15/2015,0.223122255
9/16/2015,0.318185041
9/17/2015,0.750456399
9/18/2015,0.458251094
9/21/2015,0.304365137
9/22/2015,0.29110207
9/23/2015,0.572885305
9/24/2015,0.411159609
9/25/2015,0.506749798
9/28/2015,0.338260108
9/29/2015,0.414137915
9/30/2015,0.295748838
10/1/2015,0.215422689
10/2/2015,1.446652908
10/5/2015,0.336995838
10/6/2015,0.244094973
10/7/2015,0.274311682
10/8/2015,0.355744709
10/9/2015,0.321046637
10/12/2015,0.136523247
10/13/2015,0.225512978
10/14/2015,0.278915409
10/15/2015,0.48110261
10/16/2015,0.336203567
10/19/2015,0.196262136
10/20/2015,0.153484645
10/21/2015,0.170817543
10/22/2015,0.699942316
10/23/2015,0.618437414
10/26/2015,0.213061943
10/27/2015,0.243122393
10/28/2015,1.021695342
10/29/2015,0.388101245
10/30/2015,0.398056765
11/2/2015,0.241200809
11/3/2015,0.245227634
11/4/2015,0.32570303
11/5/2015,0.278880981
11/6/2015,1.208867365
11/9/2015,0.293420818
11/10/2015,0.302934418
11/11/2015,0.264613732
11/12/2015,0.7129484
11/13/2015,0.432272106
11/16/2015,0.322841877
11/17/2015,0.251591044
11/18/2015,0.226103508
11/19/2015,0.373356939
11/20/2015,0.262932857
11/23/2015,0.260231843
11/24/2015,0.24441622
11/25/2015,0.332020486
11/26/2015,0.087676146
11/27/2015,0.155656465
11/30/2015,0.159683927
12/1/2015,0.194593329
12/2/2015,0.301954999
12/3/2015,3.584067767
12/4/2015,0.914542634
12/7/2015,0.238870591
12/8/2015,0.235891113
12/9/2015,0.325131298
12/10/2015,0.293650542
12/11/2015,0.455256057
12/14/2015,0.291446254
12/15/2015,0.292594687
12/16/2015,0.874741973
12/17/2015,0.430533378
12/18/2015,0.379892158
12/21/2015,0.228232324
12/22/2015,0.180633716
12/23/2015,0.229458558
12/24/2015,0.18136208
12/28/2015,0.151461593
12/29/2015,0.22372546
12/30/2015,0.168988195
12/31/2015,0.270140247
1/4/2016,0.483389914
1/5/2016,0.275117127
1/6/2016,0.40820678
1/7/2016,0.571123995
1/8/2016,0.818950954
1/11/2016,0.550812852
1/12/2016,0.320592721
1/13/2016,0.357867533
1/14/2016,0.500912822
1/15/2016,0.601381374
1/18/2016,0.188518168
1/19/2016,0.305906776
1/20/2016,0.394133347
1/21/2016,1.031570837
1/22/2016,0.339025551
1/25/2016,0.159641001
1/26/2016,0.210610825
1/27/2016,0.333870164
1/28/2016,0.256497156
1/29/2016,0.503785086
2/1/2016,0.198627938
2/2/2016,0.188059765
2/3/2016,0.688318105
2/4/2016,0.6700986
2/5/2016,0.5513255
2/8/2016,0.49191539
2/9/2016,0.665441989
2/10/2016,0.541423682
2/11/2016,0.781005129
2/12/2016,0.455656928
2/15/2016,0.249166817
2/16/2016,0.239571473
2/17/2016,0.292468848
2/18/2016,0.310142011
2/19/2016,0.306633965
2/22/2016,0.243219826
2/23/2016,0.272723833
2/24/2016,0.340425732
2/25/2016,0.273049656
2/26/2016,0.352012117
2/29/2016,0.242889553
3/1/2016,0.343857023
3/2/2016,0.202846454
3/3/2016,0.286470118
3/4/2016,0.840289745
3/7/2016,0.192445929
3/8/2016,0.25920084
3/9/2016,0.236257724
3/10/2016,3.356485737
3/11/2016,0.498663834
3/14/2016,0.250642882
3/15/2016,0.20953993
3/16/2016,0.655873601
3/17/2016,0.438177479
3/18/2016,0.217161975
3/21/2016,0.188401451
3/22/2016,0.337686804
3/23/2016,0.170411601
3/24/2016,0.216268822
3/25/2016,0.051772006
3/28/2016,0.09962013
3/29/2016,0.514047394
3/30/2016,0.26618486
3/31/2016,0.240109782
4/1/2016,0.431575043
4/4/2016,0.163880356
4/5/2016,0.252070098
4/6/2016,0.323118268
4/7/2016,0.431797344
4/8/2016,0.221784737
4/11/2016,0.202013231
4/12/2016,0.302427882
4/13/2016,0.262027218
4/14/2016,0.229549751
4/15/2016,0.20413162
4/18/2016,0.191699881
4/19/2016,0.160227676
4/20/2016,0.196720237
4/21/2016,0.569240614
4/22/2016,0.207944289
4/25/2016,0.170742598
4/26/2016,0.204255811
4/27/2016,0.251628297
4/28/2016,0.315182066
4/29/2016,0.318990783
5/2/2016,0.259315816
5/3/2016,0.293283111
5/4/2016,0.416187608
5/5/2016,0.20336165
5/6/2016,0.286931727
5/9/2016,0.200639607
5/10/2016,0.202514557
5/11/2016,0.114263296
5/12/2016,0.126208278
5/13/2016,0.250891328
5/16/2016,0.127422089
5/17/2016,0.112473401
5/18/2016,0.310184303
5/19/2016,0.195695986
5/20/2016,0.108108753
5/23/2016,0.127556458
5/24/2016,0.16077152
5/25/2016,0.108684302
5/26/2016,0.146837019
5/27/2016,0.145548332
5/30/2016,0.061206391
5/31/2016,0.191996049
6/1/2016,0.244166473
6/2/2016,0.341198066
6/3/2016,1.123396875
6/6/2016,0.198671138
6/7/2016,0.138401499
6/8/2016,0.11732411
6/9/2016,0.240779878
6/10/2016,0.197050602
6/13/2016,0.181938373
6/14/2016,0.192266416
6/15/2016,0.293628914
6/16/2016,0.64499671
6/17/2016,0.368306543
6/20/2016,0.255048681
6/21/2016,0.302249476
6/22/2016,0.272075604
6/23/2016,0.687746886
6/24/2016,6.910518002
6/27/2016,0.841755458
6/28/2016,0.44192075
6/29/2016,0.478682054
6/30/2016,0.916006067
7/1/2016,0.381138762
7/4/2016,0.15301562
7/5/2016,0.351255535
7/6/2016,0.387823448
7/7/2016,0.288580919
7/8/2016,0.745264679
7/11/2016,0.149676051
7/12/2016,0.249890058
7/13/2016,0.169967604
7/14/2016,0.340987173
7/15/2016,0.267343621
7/18/2016,0.138338164
7/19/2016,0.150722773
7/20/2016,0.225758174
7/21/2016,0.281668739
7/22/2016,0.210268707
7/25/2016,0.099254935
7/26/2016,0.109257253
7/27/2016,0.276304009
7/28/2016,0.178110794
7/29/2016,0.230301424
8/1/2016,0.096639515
8/2/2016,0.105227308
8/3/2016,0.106331221
8/4/2016,0.109668621
8/5/2016,0.359370585
8/8/2016,0.078924754
8/9/2016,0.089217607
8/10/2016,0.132838202
8/11/2016,0.11348369
8/12/2016,0.23636014
8/15/2016,0.075966496
8/16/2016,0.295612683
8/17/2016,0.219493492
8/18/2016,0.228845495
8/19/2016,0.154669317
8/22/2016,0.123066049
8/23/2016,0.107075821
8/24/2016,0.139215668
8/25/2016,0.07601606
8/26/2016,0.399040792
8/29/2016,0.107410268
8/30/2016,0.110725759
8/31/2016,0.137418197
9/1/2016,0.2134076
9/2/2016,0.6372293
9/5/2016,0.079909278
9/6/2016,0.3287236
9/7/2016,0.135572301
9/8/2016,0.278164065
9/9/2016,0.214789561
9/12/2016,0.208611589
9/13/2016,0.194806825
9/14/2016,0.16531018
9/15/2016,0.161041288
9/16/2016,0.167365033
9/19/2016,0.084089327
9/20/2016,0.114623817
9/21/2016,0.312109637
9/22/2016,0.145804826
9/23/2016,0.129733755
9/26/2016,0.109265118
9/27/2016,0.115633968
9/28/2016,0.116843925
9/29/2016,0.145429598
9/30/2016,0.279524991
10/3/2016,0.083763265
10/4/2016,0.36460318
10/5/2016,0.149556948
10/6/2016,0.147690977
10/7/2016,0.34081058
10/10/2016,0.085351443
10/11/2016,0.174302317
10/12/2016,0.255800193
10/13/2016,0.252464658
10/14/2016,0.196696709
10/17/2016,0.10042524
10/18/2016,0.147419843
10/19/2016,0.142032964
10/20/2016,0.501819448
10/21/2016,0.126703393
10/24/2016,0.094508025
10/25/2016,0.125288163
10/26/2016,0.147341336
10/27/2016,0.169130254
10/28/2016,0.22844579
10/31/2016,0.13857242
11/1/2016,0.109765628
11/2/2016,0.203049752
11/3/2016,0.205405471
11/4/2016,0.144620972
11/7/2016,0.149615194
11/8/2016,0.111056671
11/9/2016,2.907379161
11/10/2016,0.423549284
11/11/2016,0.349601485
11/14/2016,0.482808006
11/15/2016,0.338502498
11/16/2016,0.373090144
11/17/2016,0.413252608
11/18/2016,0.460024482
11/21/2016,0.336309847
11/22/2016,0.270535898
11/23/2016,0.325745102
11/24/2016,0.28439026
11/25/2016,0.31367381
11/28/2016,0.367502679
11/29/2016,0.33643221
11/30/2016,0.567188982
12/1/2016,0.378921282
12/2/2016,0.279894288
12/5/2016,1.117589637
12/6/2016,0.299277349
12/7/2016,0.174797477
12/8/2016,1.029137804
12/9/2016,0.275359138
12/12/2016,0.291522558
12/13/2016,0.280041981
12/14/2016,0.681184855
12/15/2016,0.856761022
12/16/2016,0.472395965
12/19/2016,0.31825233
12/20/2016,0.236366701
12/21/2016,0.235217383
12/22/2016,0.273931624
12/23/2016,0.123376262
12/27/2016,0.085796514
12/28/2016,0.167957661
12/29/2016,0.257508684
12/30/2016,1.224665237
1/3/2017,0.523449583
1/4/2017,0.382868807
1/5/2017,0.701944773
1/6/2017,0.415911593
1/9/2017,0.324458749
1/10/2017,0.329989303
1/11/2017,0.8955971
1/12/2017,0.47632017
1/13/2017,0.435141742
1/16/2017,0.242973234
1/17/2017,0.420017988
1/18/2017,0.258435543
1/19/2017,0.489424086
1/20/2017,0.312906404
1/23/2017,0.303669753
1/24/2017,0.182337486
1/25/2017,0.238174807
1/26/2017,0.254389459
1/27/2017,0.240776244
1/30/2017,0.268193763
1/31/2017,0.389865428
2/1/2017,0.355326699
2/2/2017,0.225975635
2/3/2017,0.353272033
2/6/2017,0.181892561
2/7/2017,0.199076344
2/8/2017,0.208425287
2/9/2017,0.209513869
2/10/2017,0.165455412
2/13/2017,0.122768761
2/14/2017,0.239526936
2/15/2017,0.265810032
2/16/2017,0.226780161
2/17/2017,0.13947694
2/20/2017,0.10572615
2/21/2017,0.187596598
2/22/2017,0.452597436
2/23/2017,0.208667991
2/24/2017,0.236399735
2/27/2017,0.163193509
2/28/2017,0.231225207
3/1/2017,0.285120809
3/2/2017,0.13614052
3/3/2017,0.252314271
3/6/2017,0.185014942
3/7/2017,0.095269107
3/8/2017,0.123992799
3/9/2017,0.319852952
3/10/2017,0.298466116
3/13/2017,0.134252652
3/14/2017,0.10478991
3/15/2017,0.435010075
3/16/2017,0.214112008
3/17/2017,0.186223352
3/20/2017,0.107129603
3/21/2017,0.206522622
3/22/2017,0.153417679
3/23/2017,0.127068816
3/24/2017,0.133422317
3/27/2017,0.133827105
3/28/2017,0.145838528
3/29/2017,0.245937216
3/30/2017,0.183984705
3/31/2017,0.153741224
4/3/2017,0.114047819
4/4/2017,0.096885566
4/5/2017,0.164154383
4/6/2017,0.207772324
4/7/2017,0.212475108
4/10/2017,0.085876864
4/11/2017,0.099868532
4/12/2017,0.198622951
4/13/2017,0.122884928
4/14/2017,0.061312832
4/17/2017,0.111133217
4/18/2017,0.183165937
4/19/2017,0.102004252
4/20/2017,0.177172655
4/21/2017,0.172749252
4/24/2017,0.450163279
4/25/2017,0.177730682
4/26/2017,0.243599943
4/27/2017,0.363668866
4/28/2017,0.25454124
5/1/2017,0.078616609
5/2/2017,0.112205192
5/3/2017,0.10205786
5/4/2017,0.200247696
5/5/2017,0.153525506
5/8/2017,0.235777457
5/9/2017,0.17973942
5/10/2017,0.145211879
5/11/2017,0.117849243
5/12/2017,0.146731372
5/15/2017,0.102835908
5/16/2017,0.176540899
5/17/2017,0.194405275
5/18/2017,0.27110066
5/19/2017,0.146472958
5/22/2017,0.265549055
5/23/2017,0.303987991
5/24/2017,0.278163812
5/25/2017,0.146585925
5/26/2017,0.170921951
5/29/2017,0.07115147
5/30/2017,0.331015163
5/31/2017,0.202245313
6/1/2017,0.132535436
6/2/2017,0.296388981
6/5/2017,0.103079023
6/6/2017,0.114533743
6/7/2017,0.340468512
6/8/2017,0.214387029
6/9/2017,0.219548532
6/12/2017,0.093700194
6/13/2017,0.096475717
6/14/2017,0.470742753
6/15/2017,0.177692261
6/16/2017,0.100093453
6/19/2017,0.086309087
6/20/2017,0.101697262
6/21/2017,0.076788484
6/22/2017,0.077427248
6/23/2017,0.081524498
6/26/2017,0.162542558
6/27/2017,0.30712144
6/28/2017,0.859651179
6/29/2017,0.221477105
6/30/2017,0.165741931
7/3/2017,0.110203402
7/4/2017,0.09239226
7/5/2017,0.129460267
7/6/2017,0.137546607
7/7/2017,0.209419248
7/10/2017,0.074240517
7/11/2017,0.130196934
7/12/2017,0.242477616
7/13/2017,0.189804489
7/14/2017,0.197809906
7/17/2017,0.086108075
7/18/2017,0.235513475
7/19/2017,0.098336877
7/20/2017,0.314436746
7/21/2017,0.171634453
7/24/2017,0.108580727
7/25/2017,0.218432587
7/26/2017,0.400461156
7/27/2017,0.282568779
7/28/2017,0.218122017
7/31/2017,0.238294049
8/1/2017,0.201739788
8/2/2017,0.25348541
8/3/2017,0.209005709
8/4/2017,0.414454377
8/7/2017,0.129395203
8/8/2017,0.18279299
8/9/2017,0.323303439
8/10/2017,0.254202948
8/11/2017,0.321153903
8/14/2017,0.154174427
8/15/2017,0.272655759
8/16/2017,0.372978444
8/17/2017,0.325129317
8/18/2017,0.264641837
8/21/2017,0.122621861
8/22/2017,0.146192496
8/23/2017,0.145052152
8/24/2017,0.080867961
8/25/2017,0.462544696
8/28/2017,0.1051513
8/29/2017,0.374713714
8/30/2017,0.245320581
8/31/2017,0.286915125
9/1/2017,0.614286718
9/4/2017,0.151111198
9/5/2017,0.259266774
9/6/2017,0.16147617
9/7/2017,0.501383761
9/8/2017,0.370804603
9/11/2017,0.143970401
9/12/2017,0.144767105
9/13/2017,0.185429453
9/14/2017,0.356374006
9/15/2017,0.247519626
9/18/2017,0.166927534
9/19/2017,0.208428595
9/20/2017,0.648043577
9/21/2017,0.201470211
9/22/2017,0.173232165
9/25/2017,0.173282337
9/26/2017,0.28346661
9/27/2017,0.18648981
9/28/2017,0.170253595
9/29/2017,0.177608605
10/2/2017,0.151072177
10/3/2017,0.126105745
10/4/2017,0.156601276
10/5/2017,0.098384714
10/6/2017,0.224216353
10/9/2017,0.080250707
10/10/2017,0.139491444
10/11/2017,0.153806832
10/12/2017,0.099941316
10/13/2017,0.342681888
10/16/2017,0.1150703
10/17/2017,0.094999852
10/18/2017,0.110598982
10/19/2017,0.201676311
10/20/2017,0.164996564
10/23/2017,0.119045506
10/24/2017,0.110400231
10/25/2017,0.143338044
10/26/2017,0.443240507
10/27/2017,0.259385163
10/30/2017,0.134494464
10/31/2017,0.144200973
11/1/2017,0.154084558
11/2/2017,0.205515948
11/3/2017,0.189941408
11/6/2017,0.121938384
11/7/2017,0.137588251
11/8/2017,0.105345979
11/9/2017,0.137775612
11/10/2017,0.108164683
11/13/2017,0.072825537
11/14/2017,0.15257179
11/15/2017,0.213071614
11/16/2017,0.16503666
11/17/2017,0.159227582
11/20/2017,0.267790585
11/21/2017,0.152943891
11/22/2017,0.158988918
11/23/2017,0.109027516
11/24/2017,0.133891093
11/27/2017,0.140880936
11/28/2017,0.201875341
11/29/2017,0.173928358
11/30/2017,0.243189872
12/1/2017,0.317416502
12/4/2017,0.140328843
12/5/2017,0.146561412
12/6/2017,0.135836803
12/7/2017,0.11808361
12/8/2017,0.141853087
12/11/2017,0.096219242
12/12/2017,0.11518496
12/13/2017,0.209487751
12/14/2017,0.287744146
12/15/2017,0.125846116
12/18/2017,0.127482133
12/19/2017,0.137355762
12/20/2017,0.120734945
12/21/2017,0.113582071
12/22/2017,0.146323592
12/26/2017,0.090116142
12/27/2017,0.08569884
12/28/2017,0.067383976
12/29/2017,0.088153359
1/2/2018,0.119196943
1/3/2018,0.127122295
1/4/2018,0.149731889
1/5/2018,0.15980444
1/8/2018,0.120624886
1/9/2018,0.132435009
1/10/2018,0.275994191
1/11/2018,0.405871968
1/12/2018,0.441146618
1/15/2018,0.294754553
1/16/2018,0.375546253
1/17/2018,0.435527477
1/18/2018,0.338073249
1/19/2018,0.262971291
1/22/2018,0.141168001
1/23/2018,0.20087763
1/24/2018,0.329724797
1/25/2018,1.090216684
1/26/2018,0.430929896
1/29/2018,0.258103414
1/30/2018,0.354512201
1/31/2018,0.285783691
2/1/2018,0.294223318
2/2/2018,0.363003699
2/5/2018,0.321511374
2/6/2018,0.399341781
2/7/2018,0.255230158
2/8/2018,0.40879289
2/9/2018,0.287331602
2/12/2018,0.203674251
2/13/2018,0.222135879
2/14/2018,0.679472151
2/15/2018,0.288801902
2/16/2018,0.264644677
2/19/2018,0.181225027
2/20/2018,0.220340621
2/21/2018,0.268794891
2/22/2018,0.24650389
2/23/2018,0.177317798
2/26/2018,0.169875487
2/27/2018,0.293834391
2/28/2018,0.190161249
3/1/2018,0.305920165
3/2/2018,0.233868344
3/5/2018,0.318280901
3/6/2018,0.229811852
3/7/2018,0.210652208
3/8/2018,0.388370328
3/9/2018,0.187001716
3/12/2018,0.113474427
3/13/2018,0.208259537
3/14/2018,0.18569635
3/15/2018,0.139826615
3/16/2018,0.154754366
3/19/2018,0.161258289
3/20/2018,0.155518933
3/21/2018,0.186088737
3/22/2018,0.243909684
3/23/2018,0.185320193
3/26/2018,0.142530295
3/27/2018,0.153087096
3/28/2018,0.183525132
3/29/2018,0.144239572
3/30/2018,0.054099194
4/2/2018,0.094712791
4/3/2018,0.15261512
4/4/2018,0.159251464
4/5/2018,0.137424615
4/6/2018,0.21081678
4/9/2018,0.139452193
4/10/2018,0.266884826
4/11/2018,0.118104472
4/12/2018,0.133676772
4/13/2018,0.098330802
4/16/2018,0.103517053
4/17/2018,0.111470001
4/18/2018,0.133788198
4/19/2018,0.146748586
4/20/2018,0.160577441
4/23/2018,0.164140871
4/24/2018,0.166160624
4/25/2018,0.150095697
4/26/2018,0.305880624
4/27/2018,0.193917136
4/30/2018,0.175376304
5/1/2018,0.17595615
5/2/2018,0.50406877
5/3/2018,0.286019379
5/4/2018,0.315547561
5/7/2018,0.140782029
5/8/2018,0.253319364
5/9/2018,0.191774494
5/10/2018,0.327484242
5/11/2018,0.16227764
5/14/2018,0.141109741
5/15/2018,0.236009426
5/16/2018,0.29071632
5/17/2018,0.276398022
5/18/2018,0.167335062
5/21/2018,0.182242664
5/22/2018,0.194621781
5/23/2018,0.438169112
5/24/2018,0.20065777
5/25/2018,0.240451543
5/28/2018,0.195365815
5/29/2018,0.4204804
5/30/2018,0.411962891
5/31/2018,0.497907423
6/1/2018,0.32543861
6/4/2018,0.178192864
6/5/2018,0.248601242
6/6/2018,0.301463853
6/7/2018,0.204073866
6/8/2018,0.192880038
6/11/2018,0.178665869
6/12/2018,0.239018898
6/13/2018,0.303037605
6/14/2018,0.526616237
6/15/2018,0.419218149
6/18/2018,0.15525603
6/19/2018,0.32206115
6/20/2018,0.2246846
6/21/2018,0.365236057
6/22/2018,0.291237781
6/25/2018,0.243319722
6/26/2018,0.189670549
6/27/2018,0.257215576
6/28/2018,0.340357515
6/29/2018,0.491468089
7/2/2018,0.234387043
7/3/2018,0.171496045
7/4/2018,0.138265486
7/5/2018,0.154627385
7/6/2018,0.189679438
7/9/2018,0.163195886
7/10/2018,0.156053167
7/11/2018,0.261029759
7/12/2018,0.169425707
7/13/2018,0.173955962
7/16/2018,0.11745875
7/17/2018,0.165873497
7/18/2018,0.148158099
7/19/2018,0.367019433
7/20/2018,0.235483746
7/23/2018,0.157545986
7/24/2018,0.174873947
7/25/2018,0.205788921
7/26/2018,0.198884031
7/27/2018,0.10324313
7/30/2018,0.086435579
7/31/2018,0.161253524
8/1/2018,0.118439337
8/2/2018,0.138006719
8/3/2018,0.1713169
8/6/2018,0.105394414
8/7/2018,0.08436984
8/8/2018,0.125595022
8/9/2018,0.113509877
8/10/2018,0.547901712
8/13/2018,0.303968739
8/14/2018,0.226706565
8/15/2018,0.261964904
8/16/2018,0.266686919
8/17/2018,0.199194815
8/20/2018,0.137498356
8/21/2018,0.296464834
8/22/2018,0.223710875
8/23/2018,0.245926963
8/24/2018,0.275040661
8/27/2018,0.148316386
8/28/2018,0.164044784
8/29/2018,0.162176181
8/30/2018,0.21477767
8/31/2018,0.258194417
9/3/2018,0.135481739
9/4/2018,0.174318384
9/5/2018,0.288795518
9/6/2018,0.192727167
9/7/2018,0.249059764
9/10/2018,0.128024892
9/11/2018,0.159830311
9/12/2018,0.206391708
9/13/2018,0.229203564
9/14/2018,0.164484552
9/17/2018,0.100766073
9/18/2018,0.199754284
9/19/2018,0.176508878
9/20/2018,0.217988284
9/21/2018,0.144800508
9/24/2018,0.23718474
9/25/2018,0.155109073
9/26/2018,0.224510344
9/27/2018,0.281668922
9/28/2018,0.150937117
10/1/2018,0.146883578
10/2/2018,0.172075111
10/3/2018,0.287183884
10/4/2018,0.223152214
10/5/2018,0.218726824
10/8/2018,0.135128285
10/9/2018,0.1873542
10/10/2018,0.150355384
10/11/2018,0.287800162
10/12/2018,0.164269427
10/15/2018,0.125496621
10/16/2018,0.143590164
10/17/2018,0.160354612
10/18/2018,0.169914885
10/19/2018,0.233474742
10/22/2018,0.159306618
10/23/2018,0.184287186
10/24/2018,0.182294315
10/25/2018,0.178171466
10/26/2018,0.199768815
10/29/2018,0.246001806
10/30/2018,0.13382423
10/31/2018,0.178634279
11/1/2018,0.161961168
11/2/2018,0.242177558
11/5/2018,0.113410669
11/6/2018,0.121688689
11/7/2018,0.486622775
11/8/2018,0.204770312
11/9/2018,0.155247931
11/12/2018,0.229805513
11/13/2018,0.244216195
11/14/2018,0.408788414
11/15/2018,0.420156451
11/16/2018,0.22761914
11/19/2018,0.163581559
11/20/2018,0.164434337
11/21/2018,0.249470541
11/22/2018,0.123900461
11/23/2018,0.183861868
11/26/2018,0.134082267
11/27/2018,0.197381573
11/28/2018,0.462641417
11/29/2018,0.197147031
11/30/2018,0.126019013
12/3/2018,0.232687777
12/4/2018,0.183548054
12/5/2018,0.148441111
12/6/2018,0.22064146
12/7/2018,0.397400719
12/10/2018,0.241989304
12/11/2018,0.179179399
12/12/2018,0.23670801
12/13/2018,0.234786709
12/14/2018,0.167294854
12/17/2018,0.116244536
12/18/2018,0.133807531
12/19/2018,0.330002452
12/20/2018,0.291647051
12/21/2018,0.291289123
12/24/2018,0.180635707
12/26/2018,0.151418616
12/27/2018,0.315962039
12/28/2018,0.236942847
12/31/2018,0.160430832
1/2/2019,0.250045279
1/3/2019,0.39074563
1/4/2019,0.307006673
1/7/2019,0.144394947
1/8/2019,0.17278875
1/9/2019,0.260984443
1/10/2019,0.20720684
1/11/2019,0.222313726
1/14/2019,0.143538296
1/15/2019,0.246684182
1/16/2019,0.131895952
1/17/2019,0.113066929
1/18/2019,0.09006874
1/21/2019,0.051934816
1/22/2019,0.076651793
1/23/2019,0.086091897
1/24/2019,0.237291129
1/25/2019,0.150406515
1/28/2019,0.100462302
1/29/2019,0.089140337
1/30/2019,0.349729982
1/31/2019,0.144895871
2/1/2019,0.163942854
2/4/2019,0.07621276
2/5/2019,0.066585935
2/6/2019,0.053744486
2/7/2019,0.083545958
2/8/2019,0.057630373
2/11/2019,0.107655967
2/12/2019,0.108033233
2/13/2019,0.137499435
2/14/2019,0.234551282
2/15/2019,0.115814202
2/18/2019,0.080271429
2/19/2019,0.141041252
2/20/2019,0.121293572
2/21/2019,0.142435832
2/22/2019,0.101832499
2/25/2019,0.080169018
2/26/2019,0.101409312
2/27/2019,0.113444186
2/28/2019,0.132697713
3/1/2019,0.086017982
3/4/2019,0.067937088
3/5/2019,0.12227987
3/6/2019,0.066144315
3/7/2019,0.160075584
3/8/2019,0.1098023
3/11/2019,0.081508518
3/12/2019,0.160585284
3/13/2019,0.109459705
3/14/2019,0.086290568
3/15/2019,0.087624032
3/18/2019,0.061928464
3/19/2019,0.067470777
3/20/2019,0.348563483
3/21/2019,0.135450492
3/22/2019,0.382683434
3/25/2019,0.096395465
3/26/2019,0.081649184
3/27/2019,0.145840637
3/28/2019,0.173728677
3/29/2019,0.145474481
4/1/2019,0.089443449
4/2/2019,0.095963807
4/3/2019,0.087651578
4/4/2019,0.062119683
4/5/2019,0.076721466
4/8/2019,0.065945047
4/9/2019,0.079829066
4/10/2019,0.098340735
4/11/2019,0.072135182
4/12/2019,0.097305608
4/15/2019,0.051027948
4/16/2019,0.096801235
4/17/2019,0.077239323
4/18/2019,0.154358814
4/19/2019,0.017072559
4/22/2019,0.02194992
4/23/2019,0.084951589
4/24/2019,0.129090885
4/25/2019,0.112931323
4/26/2019,0.105707886
4/29/2019,0.065053094
4/30/2019,0.082064175
5/1/2019,0.236770156
5/2/2019,0.072000654
5/3/2019,0.111950008
5/6/2019,0.0852987
5/7/2019,0.102501428
5/8/2019,0.106134154
5/9/2019,0.134233474
5/10/2019,0.075462183
5/13/2019,0.074324392
5/14/2019,0.084685227
5/15/2019,0.136547051
5/16/2019,0.068158704
5/17/2019,0.054440243
5/20/2019,0.044293537
5/21/2019,0.101382504
5/22/2019,0.043793078
5/23/2019,0.123886079
5/24/2019,0.092138665
5/28/2019,0.073730108
5/29/2019,0.066139055
5/30/2019,0.055219742
5/31/2019,0.128891354
6/3/2019,0.101487093
6/4/2019,0.18936269
6/5/2019,0.182434522
6/6/2019,0.272354051
6/7/2019,0.20136416
6/10/2019,0.078017251
6/11/2019,0.097930214
6/12/2019,0.107809013
6/13/2019,0.064590605
6/14/2019,0.131042255
6/17/2019,0.07918576
6/18/2019,0.201053031
6/19/2019,0.146514799
6/20/2019,0.143924368
6/21/2019,0.182281816
6/24/2019,0.089217832
6/25/2019,0.219420342
6/26/2019,0.115703116
6/27/2019,0.081239055
6/28/2019,0.080548913
7/1/2019,0.114198905
7/2/2019,0.111224335
7/3/2019,0.101928441
7/4/2019,0.02747443
7/5/2019,0.110868386
7/8/2019,0.049766365
7/9/2019,0.05017676
7/10/2019,0.161417646
7/11/2019,0.128609953
7/12/2019,0.06366915
7/15/2019,0.059394063
7/16/2019,0.074052973
7/17/2019,0.052940975
7/18/2019,0.117204925
7/19/2019,0.160217848
7/22/2019,0.052995083
7/23/2019,0.058718202
7/24/2019,0.081084381
7/25/2019,0.184789831
7/26/2019,0.080239541
7/29/2019,0.054391949
7/30/2019,0.076050226
7/31/2019,0.243118988
8/1/2019,0.172093757
8/2/2019,0.135735548
8/5/2019,0.168019617
8/6/2019,0.181822747
8/7/2019,0.171059915
8/8/2019,0.178465857
8/9/2019,0.110960819
8/12/2019,0.090066149
8/13/2019,0.166840212
8/14/2019,0.123705227
8/15/2019,0.151390095
8/16/2019,0.120433602
8/19/2019,0.060668462
8/20/2019,0.067826362
8/21/2019,0.060711387
8/22/2019,0.117402223
8/23/2019,0.19540431
8/26/2019,0.139054321
8/27/2019,0.063995411
8/28/2019,0.063849367
8/29/2019,0.101861161
8/30/2019,0.126008408
9/2/2019,0.076457276
9/3/2019,0.220594679
9/4/2019,0.116413114
9/5/2019,0.103442957
9/6/2019,0.087639574
9/9/2019,0.119341564
9/10/2019,0.070751791
9/11/2019,0.062550214
9/12/2019,0.513712179
9/13/2019,0.146176533
9/16/2019,0.104106872
9/17/2019,0.119996416
9/18/2019,0.161268588
9/19/2019,0.095887606
9/20/2019,0.101250237
9/23/2019,0.127601487
9/24/2019,0.088395697
9/25/2019,0.071715912
9/26/2019,0.117880343
9/27/2019,0.104830432
9/30/2019,0.123790358
10/1/2019,0.174565748
10/2/2019,0.08622532
10/3/2019,0.24929882
10/4/2019,0.128001518
10/7/2019,0.070573113
10/8/2019,0.076485993
10/9/2019,0.080021282
10/10/2019,0.095260123
10/11/2019,0.154148905
10/14/2019,0.057138657
10/15/2019,0.210100844
10/16/2019,0.167666813
10/17/2019,0.185581586
10/18/2019,0.086427714
10/21/2019,0.075219685
10/22/2019,0.120148989
10/23/2019,0.059993113
10/24/2019,0.167070987
10/25/2019,0.048196394
10/28/2019,0.039270394
10/29/2019,0.060644318
10/30/2019,0.165895385
10/31/2019,0.107719286
11/1/2019,0.102865502
11/4/2019,0.073177177
11/5/2019,0.10860243
11/6/2019,0.042936106
11/7/2019,0.078571856
11/8/2019,0.047847382
11/11/2019,0.033329392
11/12/2019,0.049659484
11/13/2019,0.053026589
11/14/2019,0.051601325
11/15/2019,0.040323668
11/18/2019,0.043806415
11/19/2019,0.037009489
11/20/2019,0.056704485
11/21/2019,0.048880456
11/22/2019,0.086989292
11/25/2019,0.043422817
11/26/2019,0.037160735
11/27/2019,0.044918334
11/28/2019,0.024454401
11/29/2019,0.075426884
12/2/2019,0.087690012
12/3/2019,0.059800722
12/4/2019,0.07792928
12/5/2019,0.0537162
12/6/2019,0.107480544
12/9/2019,0.029799533
12/10/2019,0.044566428
12/11/2019,0.098061042
12/12/2019,0.110944698
12/13/2019,0.292033504
12/16/2019,0.071585437
12/17/2019,0.072570542
12/18/2019,0.063257076
12/19/2019,0.078368339
12/20/2019,0.055579505
12/23/2019,0.039392624
12/24/2019,0.034481444
12/26/2019,0.027166134
12/27/2019,0.085914496
12/30/2019,0.08409613
12/31/2019,0.055928289
1/2/2020,0.101737585
1/3/2020,0.074938457
1/6/2020,0.066243326
1/7/2020,0.092391294
1/8/2020,0.119887618
1/9/2020,0.071577747
1/10/2020,0.099608322
1/13/2020,0.052508944
1/14/2020,0.051101425
1/15/2020,0.063856045
1/16/2020,0.071961151
1/17/2020,0.043818801
1/20/2020,0.032623876
1/21/2020,0.05157161
1/22/2020,0.054642934
1/23/2020,0.143697099
1/24/2020,0.047098065
1/27/2020,0.057821272
1/28/2020,0.041990934
1/29/2020,0.059488722
1/30/2020,0.051559768
1/31/2020,0.072967346
2/3/2020,0.061536349
2/4/2020,0.050815367
2/5/2020,0.054395342
2/6/2020,0.080720165
2/7/2020,0.101003226
2/10/2020,0.049791594
2/11/2020,0.062066717
2/12/2020,0.079702546
2/13/2020,0.079937704
2/14/2020,0.075984841
2/17/2020,0.028364037
2/18/2020,0.106965687
2/19/2020,0.067775268
2/20/2020,0.111551901
2/21/2020,0.175287534
2/24/2020,0.161764659
2/25/2020,0.132724129
2/26/2020,0.198091907
2/27/2020,0.223575634
2/28/2020,0.480571188
3/2/2020,0.529387873
3/3/2020,0.721805088
3/4/2020,0.312473642
3/5/2020,0.268727166
3/6/2020,0.524838149
3/9/2020,2.08700536
3/10/2020,0.800612471
3/11/2020,0.51184981
3/12/2020,2.384521914
3/13/2020,1.309250519
3/16/2020,1.569728972
3/17/2020,0.795778834
3/18/2020,1.072227928
3/19/2020,2.806876273
3/20/2020,1.70347592
3/23/2020,1.781991201
3/24/2020,1.396802567
3/25/2020,0.661749949
3/26/2020,0.897332316
3/27/2020,0.726275078
3/30/2020,0.592206541
3/31/2020,0.862900828
4/1/2020,0.438173167
4/2/2020,0.644135732
4/3/2020,0.413533545
4/6/2020,0.328578247
4/7/2020,0.315217149
4/8/2020,0.405967227
4/9/2020,0.380545502
4/10/2020,0.077614591
4/13/2020,0.195997357
4/14/2020,0.227499892
4/15/2020,0.265070011
4/16/2020,0.355575277
4/17/2020,0.306262092
4/20/2020,0.210253601
4/21/2020,0.330327011
4/22/2020,0.174136867
4/23/2020,0.460379733
4/24/2020,0.34035605
4/27/2020,0.209129421
4/28/2020,0.23804656
4/29/2020,0.231155338
4/30/2020,0.519798317
5/1/2020,0.226444665
5/4/2020,0.192668284
5/5/2020,0.336265346
5/6/2020,0.211499912
5/7/2020,0.216209938
5/8/2020,0.177693525
5/11/2020,0.175768913
5/12/2020,0.201345132
5/13/2020,0.221457254
5/14/2020,0.193256529
5/15/2020,0.181597103
5/18/2020,0.331144528
5/19/2020,0.189539614
5/20/2020,0.145692861
5/21/2020,0.2035001
5/22/2020,0.117285785
5/25/2020,0.068244308
5/26/2020,0.170704548
5/27/2020,0.467030597
5/28/2020,0.216167195
5/29/2020,0.359422313
6/1/2020,0.202398151
6/2/2020,0.253457456
6/3/2020,0.280770354
6/4/2020,0.507129458
6/5/2020,0.452302418
6/8/2020,0.23519788
6/9/2020,0.261661786
6/10/2020,0.440625874
6/11/2020,0.455131298
6/12/2020,0.426629825
6/15/2020,0.316130148
6/16/2020,0.343274787
6/17/2020,0.317579537
6/18/2020,0.264025184
6/19/2020,0.308128191
6/22/2020,0.159611449
6/23/2020,0.231409935
6/24/2020,0.22530596
6/25/2020,0.17519561
6/26/2020,0.135471196
6/29/2020,0.155429446
6/30/2020,0.220763014
7/1/2020,0.143680154
7/2/2020,0.22854331
7/3/2020,0.099417792
7/6/2020,0.167931046
7/7/2020,0.181342147
7/8/2020,0.160122954
7/9/2020,0.276629016
7/10/2020,0.130208604
7/13/2020,0.165981229
7/14/2020,0.141416783
7/15/2020,0.174023863
7/16/2020,0.202443831
7/17/2020,0.135424734
7/20/2020,0.286667282
7/21/2020,0.325939167
7/22/2020,0.302416291
7/23/2020,0.213610878
7/24/2020,0.207007295
7/27/2020,0.32297691
7/28/2020,0.250193332
7/29/2020,0.27760111
7/30/2020,0.287605416
7/31/2020,0.428668441
8/3/2020,0.272655872
8/4/2020,0.244181396
8/5/2020,0.275541123
8/6/2020,0.351619191
8/7/2020,0.3277158
8/10/2020,0.156151715
8/11/2020,0.291550499
8/12/2020,0.258200955
8/13/2020,0.216294413
8/14/2020,0.179493576
8/17/2020,0.163553798
8/18/2020,0.238651648
8/19/2020,0.32762153
8/20/2020,0.292142231
8/21/2020,0.271817594
8/24/2020,0.146255193
8/25/2020,0.174247873
8/26/2020,0.154159012
8/27/2020,0.534639541
8/28/2020,0.31017868
8/31/2020,0.188765191
9/1/2020,0.420827487
9/2/2020,0.278567704
9/3/2020,0.261125741
9/4/2020,0.285488377
9/7/2020,0.077927416
9/8/2020,0.251616554
9/9/2020,0.199800954
9/10/2020,0.371742808
9/11/2020,0.149862922
9/14/2020,0.104970125
9/15/2020,0.147825371
9/16/2020,0.334333902
9/17/2020,0.237169578
9/18/2020,0.128117864
9/21/2020,0.240077448
9/22/2020,0.254971842
9/23/2020,0.229814875
9/24/2020,0.245989632
9/25/2020,0.156570046
9/28/2020,0.157548519
9/29/2020,0.18930497
9/30/2020,0.237808318
10/1/2020,0.209173241
10/2/2020,0.174982974
10/5/2020,0.098491712
10/6/2020,0.215517339
10/7/2020,0.124618891
10/8/2020,0.098029241
10/9/2020,0.113520905
10/12/2020,0.091402852
10/13/2020,0.128263769
10/14/2020,0.107364575
10/15/2020,0.12369542
10/16/2020,0.105919136
10/19/2020,0.113549488
10/20/2020,0.113759891
10/21/2020,0.128735761
10/22/2020,0.117584992
10/23/2020,0.12575985
10/26/2020,0.108370154
10/27/2020,0.12562326
10/28/2020,0.150938039
10/29/2020,0.203739201
10/30/2020,0.156087294
11/2/2020,0.09480645
11/3/2020,0.130804089
11/4/2020,0.892610974
11/5/2020,0.352441573
11/6/2020,0.354453063
11/9/2020,0.432463145
11/10/2020,0.300751326
11/11/2020,0.161676452
11/12/2020,0.146574841
11/13/2020,0.097455448
11/16/2020,0.140500886
11/17/2020,0.098059242
11/18/2020,0.089686593
11/19/2020,0.105144498
11/20/2020,0.076631364
11/23/2020,0.181923163
11/24/2020,0.183884941
11/25/2020,0.18252258
11/26/2020,0.087001626
11/27/2020,0.070314412
12/1/2020,0.178461419
12/2/2020,0.216656174
12/3/2020,0.167393832
12/4/2020,0.170178613
12/7/2020,0.168577095
12/8/2020,0.125045353
12/9/2020,0.134922407
12/10/2020,0.237239154
12/11/2020,0.150075464
12/14/2020,0.15241074
12/15/2020,0.173363206
12/16/2020,0.346846714
12/17/2020,0.143915506
12/18/2020,0.109814328
12/21/2020,0.334555066
12/22/2020,0.178544006
12/23/2020,0.20171407
12/24/2020,0.087078632
12/28/2020,0.177697871
12/29/2020,0.152230949
12/30/2020,0.190055988
12/31/2020,0.200026882
1/4/2021,0.193220532
1/5/2021,0.123148096
1/6/2021,0.335123351
1/7/2021,0.195731712
1/8/2021,0.395165743
1/11/2021,0.219586957
1/12/2021,0.189012587
1/13/2021,0.20357559
1/14/2021,0.209815727
1/15/2021,0.144107023
1/18/2021,0.074608102
1/19/2021,0.112846454
1/20/2021,0.166351424
1/21/2021,0.154815659
1/22/2021,0.124656036
1/25/2021,0.116215263
1/26/2021,0.11632929
1/27/2021,0.21232604
1/28/2021,0.19038121
1/29/2021,0.184779015
2/1/2021,0.153530722
2/2/2021,0.17506712
2/3/2021,0.117899185
2/4/2021,0.115725717
2/5/2021,0.128424743
2/8/2021,0.11245413
2/9/2021,0.102154744
2/10/2021,0.091386637
2/11/2021,0.068775002
2/12/2021,0.084112328
2/15/2021,0.049572038
2/16/2021,0.121765305
2/17/2021,0.126985807
2/18/2021,0.084082289
2/19/2021,0.096047142
2/22/2021,0.133165805
2/23/2021,0.091871992
2/24/2021,0.175164789
2/25/2021,0.254174443
2/26/2021,0.33175486
3/1/2021,0.148967856
3/2/2021,0.168489182
3/3/2021,0.168321238
3/4/2021,0.18809505
3/5/2021,0.267514201
3/8/2021,0.123645932
3/9/2021,0.140588386
3/10/2021,0.174023962
3/11/2021,0.218406692
3/12/2021,0.132820568
3/15/2021,0.130930274
3/16/2021,0.114498002
3/17/2021,0.190867919
3/18/2021,0.166820045
3/19/2021,0.08786477
3/22/2021,0.118853175
3/23/2021,0.124887433
3/24/2021,0.126192216
3/25/2021,0.135250398
3/26/2021,0.08917041
3/29/2021,0.111722433
3/30/2021,0.091057853
3/31/2021,0.119287538
4/1/2021,0.117921039
4/2/2021,0.066737451
4/5/2021,0.08166076
4/6/2021,0.101098275
4/7/2021,0.137596861
4/8/2021,0.103729353
4/9/2021,0.094480618
4/12/2021,0.094928576
4/13/2021,0.120567982
4/14/2021,0.086147386
4/15/2021,0.115275026
4/16/2021,0.090661713
4/19/2021,0.147733734
4/20/2021,0.109050616
4/21/2021,0.105713032
4/22/2021,0.129808425
4/23/2021,0.081289621
4/26/2021,0.117298758
4/27/2021,0.084650571
4/28/2021,0.16060596
4/29/2021,0.093639216
4/30/2021,0.145723319
5/3/2021,0.102213539
5/4/2021,0.139543182
5/5/2021,0.063253474
5/6/2021,0.091112142
5/7/2021,0.418761371
5/10/2021,0.150565855
5/11/2021,0.126039737
5/12/2021,0.364591189
5/13/2021,0.149304951
5/14/2021,0.077588095
5/17/2021,0.081592103
5/18/2021,0.08269426
5/19/2021,0.162494593
5/20/2021,0.093721686
5/21/2021,0.151983933
5/24/2021,0.112441334
5/25/2021,0.117284241
5/26/2021,0.109869769
5/27/2021,0.126909953
5/28/2021,0.12095159
6/1/2021,0.085775486
6/2/2021,0.090217537
6/3/2021,0.113649503
6/4/2021,0.20402644
6/7/2021,0.077470215
6/8/2021,0.065829087
6/9/2021,0.054805231
6/10/2021,0.14052334
6/11/2021,0.077821086
6/14/2021,0.069185725
6/15/2021,0.069215728
6/16/2021,0.420116475
6/17/2021,0.228154994
6/18/2021,0.20237311
6/21/2021,0.154517114
6/22/2021,0.128167502
6/23/2021,0.100440446
6/24/2021,0.097265099
6/25/2021,0.08213316
6/28/2021,0.115314237
6/29/2021,0.08818096
6/30/2021,0.128556017
7/1/2021,0.110981338
7/2/2021,0.178180012
7/5/2021,0.059268515
7/6/2021,0.122479815
7/7/2021,0.140903046
7/8/2021,0.138236732
7/9/2021,0.081840371
7/12/2021,0.093564767
7/13/2021,0.192761545
7/14/2021,0.091125791
7/15/2021,0.086294632
7/16/2021,0.079801304
7/19/2021,0.10476028
7/20/2021,0.123458336
7/21/2021,0.080339829
7/22/2021,0.187183008
7/23/2021,0.080155478
7/26/2021,0.092775314
7/27/2021,0.104680414
7/28/2021,0.16154868
7/29/2021,0.077559668
7/30/2021,0.084227717
8/2/2021,0.104577804
8/3/2021,0.068657506
8/4/2021,0.127744182
8/5/2021,0.091012439
8/6/2021,0.085862802
8/9/2021,0.07335847
8/10/2021,0.059719877
8/11/2021,0.093992805
8/12/2021,0.057999476
8/13/2021,0.05307942
8/16/2021,0.054301922
8/17/2021,0.092889003
8/18/2021,0.159461946
8/19/2021,0.095005134
8/20/2021,0.072159005
8/23/2021,0.089947504
8/24/2021,0.07896933
8/25/2021,0.094802824
8/26/2021,0.084547623
8/27/2021,0.158995473
8/30/2021,0.047897073
8/31/2021,0.087417007
9/1/2021,0.080136238
9/2/2021,0.051985767
9/3/2021,0.180483186
9/6/2021,0.031999233
9/7/2021,0.08773931
9/8/2021,0.070537402
9/9/2021,0.125499413
9/10/2021,0.062753285
9/13/2021,0.06296517
9/14/2021,0.118260714
9/15/2021,0.088728018
9/16/2021,0.085769307
9/17/2021,0.074428066
9/20/2021,0.064957968
9/21/2021,0.087603473
9/22/2021,0.258171118
9/23/2021,0.095034027
9/24/2021,0.075778984
9/27/2021,0.080072473
9/28/2021,0.115739325
9/29/2021,0.12158453
9/30/2021,0.136333271
10/1/2021,0.116853049
10/4/2021,0.081617073
10/5/2021,0.085806254
10/6/2021,0.107679442
10/7/2021,0.065835074
10/8/2021,0.082910208
10/11/2021,0.056583245
10/12/2021,0.070276555
10/13/2021,0.098545536
10/14/2021,0.063488786
10/15/2021,0.065543086
10/18/2021,0.082555625
10/19/2021,0.085429321
10/20/2021,0.064033839
10/21/2021,0.068641493
10/22/2021,0.07679772
10/25/2021,0.079035068
10/26/2021,0.068916466
10/27/2021,0.095894583
10/28/2021,0.20899449
10/29/2021,0.167735139
11/1/2021,0.097060172
11/2/2021,0.08393966
11/3/2021,0.161927596
11/4/2021,0.090763121
11/5/2021,0.137106014
11/8/2021,0.102270881
11/9/2021,0.12182183
11/10/2021,0.216218028
11/11/2021,0.117566488
11/12/2021,0.09529295
11/15/2021,0.159374762
11/16/2021,0.184438696
11/17/2021,0.235765804
11/18/2021,0.128177469
11/19/2021,0.283620602
11/22/2021,0.257404343
11/23/2021,0.123222876
11/24/2021,0.212315078
11/25/2021,0.060888898
11/26/2021,0.282294974
11/29/2021,0.135791983
11/30/2021,0.409347012
12/1/2021,0.248025717
12/2/2021,0.115182708
12/3/2021,0.231932937
12/6/2021,0.107614147
12/7/2021,0.141818789
12/8/2021,0.135731097
12/9/2021,0.108701592
12/10/2021,0.27066565
12/13/2021,0.123068984
12/14/2021,0.09604749
12/15/2021,0.217529519
12/16/2021,0.217421997
12/17/2021,0.135226018
12/20/2021,0.128618324
12/21/2021,0.102157199
12/22/2021,0.142983645
12/23/2021,0.111977717
12/24/2021,0.082922707
12/27/2021,0.09933362
12/28/2021,0.095188487
12/29/2021,0.122581649
12/30/2021,0.176570922
12/31/2021,0.205309303
1/3/2022,0.177150636
1/4/2022,0.135772256
1/5/2022,0.157974951
1/6/2022,0.186591838
1/7/2022,0.131893478
1/10/2022,0.132991892
1/11/2022,0.110211858
1/12/2022,0.142961103
1/13/2022,0.154538856
1/14/2022,0.137086277
1/17/2022,0.09662015
1/18/2022,0.157709874
1/19/2022,0.102315874
1/20/2022,0.120152264
1/21/2022,0.101213317
1/24/2022,0.134899923
1/25/2022,0.098246412
1/26/2022,0.14660102
1/27/2022,0.20164921
1/28/2022,0.200405399
1/31/2022,0.166736857
2/1/2022,0.186426046
2/2/2022,0.116888733
2/3/2022,0.490969548
2/4/2022,0.337396263
2/7/2022,0.175299614
2/8/2022,0.149240025
2/9/2022,0.115325684
2/10/2022,0.517037969
2/11/2022,0.353030412
2/14/2022,0.283248188
2/15/2022,0.212448935
2/16/2022,0.128594957
2/17/2022,0.380368958
2/18/2022,0.135382602
2/21/2022,0.172098254
2/22/2022,0.25497263
2/23/2022,0.132956598
2/24/2022,0.768381508
2/25/2022,0.397346534
2/28/2022,0.585257171
3/1/2022,0.372068217
3/2/2022,0.602123505
3/3/2022,0.28051067
3/4/2022,0.472569954
3/7/2022,0.926385479
3/8/2022,0.799013949
3/9/2022,0.563210094
3/10/2022,0.871095621
3/11/2022,0.409346015
3/14/2022,0.296616796
3/15/2022,0.422731605
3/16/2022,0.683868645
3/17/2022,0.304880581
3/18/2022,0.2175149
3/21/2022,0.204620112
3/22/2022,0.224812978
3/23/2022,0.199522301
3/24/2022,0.222700955
3/25/2022,0.20936552
3/28/2022,0.278551171
3/29/2022,0.733921685
3/30/2022,0.286430811
3/31/2022,0.379653888
4/1/2022,0.245009091
4/4/2022,0.141582479
4/5/2022,0.149625547
4/6/2022,0.226251255
4/7/2022,0.241803989
4/8/2022,0.190793105
4/11/2022,0.210423219
4/12/2022,0.255618245
4/13/2022,0.180172374
4/14/2022,0.61832452
4/15/2022,0.06059971
4/18/2022,0.134643884
4/19/2022,0.212298445
4/20/2022,0.256457517
4/21/2022,0.304107368
4/22/2022,0.256306728
4/25/2022,0.395594997
4/26/2022,0.248044478
4/27/2022,0.416453366
4/28/2022,0.698465506
4/29/2022,0.434439104
5/2/2022,0.340507111
5/3/2022,0.332116304
5/4/2022,0.750678538
5/5/2022,0.495747838
5/6/2022,0.779808201
5/9/2022,0.407177656
5/10/2022,0.303117293
5/11/2022,0.361628819
5/12/2022,0.594848461
5/13/2022,0.306534177
5/16/2022,0.281699638
5/17/2022,0.437117111
5/18/2022,0.290043129
5/19/2022,0.405608565
5/20/2022,0.26365458
5/23/2022,0.410215984
5/24/2022,0.488259199
5/25/2022,0.297133341
5/26/2022,0.254485054
5/27/2022,0.304119711
5/30/2022,0.194164722
5/31/2022,0.423795933
6/1/2022,0.312737161
6/2/2022,0.210544901
6/3/2022,0.192066254
6/6/2022,0.193033158
6/7/2022,0.215987941
6/8/2022,0.212935686
6/9/2022,0.761681099
6/10/2022,0.485411725
6/13/2022,0.457576948
6/14/2022,0.383385336
6/15/2022,1.096812533
6/16/2022,0.803275779
6/17/2022,0.510920706
6/20/2022,0.230211317
6/21/2022,0.275693036
6/22/2022,0.337671976
6/23/2022,0.556772922
6/24/2022,0.34667685
6/27/2022,0.231105712
6/28/2022,0.274160706
6/29/2022,0.306829215
6/30/2022,0.396619434
7/1/2022,0.355339266
7/4/2022,0.185530214
7/5/2022,0.489062932
7/6/2022,0.501359416
7/7/2022,0.410872341
7/8/2022,0.653931306
7/11/2022,0.366784184
7/12/2022,0.425918486
7/13/2022,1.100035442
7/14/2022,0.714472713
7/15/2022,0.467005029
7/18/2022,0.358070267
7/19/2022,0.620814338
7/20/2022,0.544355295
7/21/2022,0.97466332
7/22/2022,0.661264663
7/25/2022,0.401592491
7/26/2022,0.423871216
7/27/2022,0.743136704
7/28/2022,0.664673375
7/29/2022,0.609725729
8/1/2022,0.370789837
8/2/2022,0.49550998
8/3/2022,0.417359891
8/4/2022,0.330418175
8/5/2022,0.502230993
8/8/2022,0.244250712
8/9/2022,0.182762998
8/10/2022,0.741427446
8/11/2022,0.290135292
8/12/2022,0.26353059
8/15/2022,0.224592097
8/16/2022,0.280122653
8/17/2022,0.317299809
8/18/2022,0.279522282
8/19/2022,0.218278598
8/22/2022,0.279191144
8/23/2022,0.532538788
8/24/2022,0.419669456
8/25/2022,0.435238861
8/26/2022,0.829540019
8/29/2022,0.446142518
8/30/2022,0.527835504
8/31/2022,0.504622212
9/1/2022,0.485035633
9/2/2022,0.496881601
9/5/2022,0.373933587
9/6/2022,0.445453136
9/7/2022,0.460363922
9/8/2022,0.715184244
9/9/2022,0.534874114
9/12/2022,0.604487381
9/13/2022,1.22670365
9/14/2022,0.397731163
9/15/2022,0.258286414
9/16/2022,0.455649961
9/19/2022,0.260880508
9/20/2022,0.337959216
9/21/2022,0.993060231
9/22/2022,0.614239751
9/23/2022,0.714483625
9/26/2022,2.340717259
9/27/2022,0.739972786
9/28/2022,1.206887625
9/29/2022,1.064076678
9/30/2022,0.850062172
10/3/2022,0.784872684
10/4/2022,0.567131341
10/5/2022,0.558883965
10/6/2022,0.507450661
10/7/2022,0.606555175
10/10/2022,0.540410219
10/11/2022,0.537950859
10/12/2022,0.63974899
10/13/2022,1.706424936
10/14/2022,0.741329336
10/17/2022,0.559624561
10/18/2022,0.529364594
10/19/2022,0.430549749
10/20/2022,0.557353531
10/21/2022,1.126427041
10/24/2022,0.914940982
10/25/2022,0.461636062
10/26/2022,0.491305363
10/27/2022,0.64316877
10/28/2022,0.463375397
10/31/2022,0.354641814
11/1/2022,0.402967557
11/2/2022,1.098008529
11/3/2022,0.422172706
11/4/2022,0.745712725
11/7/2022,0.581842924
11/8/2022,0.405077012
11/9/2022,0.551648029
11/10/2022,2.439179336
11/11/2022,0.587006946
11/14/2022,0.596939489
11/15/2022,1.65531453
11/16/2022,0.671123302
11/17/2022,0.504058247
11/18/2022,0.371804549
11/21/2022,0.344303845
11/22/2022,0.278838278
11/23/2022,0.475399929
11/24/2022,0.283170059
11/25/2022,0.277835008
11/28/2022,0.498540795
11/29/2022,0.553840289
11/30/2022,0.724547738
12/1/2022,0.73950121
12/2/2022,1.049058956
12/5/2022,0.537772994
12/6/2022,0.355731095
12/7/2022,0.416162557
12/8/2022,0.265285832
12/9/2022,0.317343386
12/12/2022,0.261857649
12/13/2022,0.775674153
12/14/2022,0.610906505
12/15/2022,0.721809935
12/16/2022,0.3457771
12/19/2022,0.302472733
12/20/2022,0.513227499
12/21/2022,0.253698915
12/22/2022,0.305535956
12/23/2022,0.228196757
12/26/2022,0.078636891
12/27/2022,0.201309002
12/28/2022,0.17400676
12/29/2022,0.201402844
12/30/2022,0.358306025
1/2/2023,0.23225526
1/3/2023,0.508117902
1/4/2023,0.416205008
1/5/2023,0.384733657
1/6/2023,0.647543021
1/9/2023,0.28241061
1/10/2023,0.23909635
1/11/2023,0.241169422
1/12/2023,0.708384128
1/13/2023,0.299569377
1/16/2023,0.168007822
1/17/2023,0.415041738
1/18/2023,0.480189224
1/19/2023,0.263006409
1/20/2023,0.212810789
1/23/2023,0.26799727
1/24/2023,0.23458166
1/25/2023,0.280976984
1/26/2023,0.229103642
1/27/2023,0.227865843
1/30/2023,0.192210982
1/31/2023,0.238251713
2/1/2023,0.38040073
2/2/2023,0.600954425
2/3/2023,0.810614703
2/6/2023,0.224516164
2/7/2023,0.457411823
2/8/2023,0.244938186
2/9/2023,0.219632942
2/10/2023,0.236104311
2/13/2023,0.186063041
2/14/2023,0.585521985
2/15/2023,0.269634009
2/16/2023,0.218920892
2/17/2023,0.266085762
2/20/2023,0.08168394
2/21/2023,0.290360585
2/22/2023,0.1940551
2/23/2023,0.133404561
2/24/2023,0.198399444
2/27/2023,0.184719914
2/28/2023,0.276062812
3/1/2023,0.280252503
3/2/2023,0.197973233
3/3/2023,0.15948577
3/6/2023,0.239202449
3/7/2023,0.613522154
3/8/2023,0.117490687
3/9/2023,0.177157254
3/10/2023,0.379772117
3/14/2023,0.29715147
3/15/2023,1.007641978
3/16/2023,0.387794286
3/17/2023,0.211611986
3/20/2023,0.324502818
3/21/2023,0.155287956
3/22/2023,0.503403531
3/23/2023,0.258107738
3/27/2023,0.185369574
3/28/2023,0.111383327
3/29/2023,0.124089959
3/30/2023,0.26738579
3/31/2023,0.216370591
4/3/2023,0.161557078
4/4/2023,0.588045989
4/5/2023,0.167530823
4/6/2023,0.113969464
4/10/2023,0.131118261
4/11/2023,0.139272694
4/12/2023,0.421064174
4/14/2023,0.233682768
4/18/2023,0.102294644
4/19/2023,0.157582278
4/20/2023,0.148021133
4/21/2023,0.257169456
4/25/2023,0.180544228
4/26/2023,0.219133851
4/27/2023,0.180170831
5/2/2023,0.301303569
5/3/2023,0.214301357
5/5/2023,0.270307738
5/8/2023,0.121075636
5/9/2023,0.12370041
5/10/2023,0.206430851
5/12/2023,0.135152475
5/15/2023,0.068525584
5/16/2023,0.105829376
5/17/2023,0.114831333
5/18/2023,0.126593159
5/19/2023,0.255908302
5/23/2023,0.170800953
5/24/2023,0.242721622
5/25/2023,0.133243319
5/30/2023,0.1780132
6/1/2023,0.179400323
6/2/2023,0.145190864
6/5/2023,0.185105781
6/6/2023,0.153812829
6/7/2023,0.117021539
6/8/2023,0.123416082
6/9/2023,0.070420766
6/13/2023,0.20455676
6/14/2023,0.308870799
6/15/2023,0.436535479
6/20/2023,0.152478462
6/21/2023,0.075627818
6/23/2023,0.226248641
6/26/2023,0.085738565
6/28/2023,0.117619612
6/30/2023,0.277156483
7/3/2023,0.103094813
7/5/2023,0.125043133
7/6/2023,0.219874749
7/7/2023,0.253171081
7/10/2023,0.151374233
7/12/2023,0.320818635
7/13/2023,0.122241057
7/18/2023,0.211854912
7/20/2023,0.149763088
7/24/2023,0.28749983
7/25/2023,0.10478056
7/26/2023,0.21680523
7/27/2023,0.9725334
7/28/2023,0.313846087
7/31/2023,0.148985543
8/1/2023,0.164381767
8/2/2023,0.21953509
8/3/2023,0.245875907
8/4/2023,0.244593986
8/7/2023,0.109396462
8/8/2023,0.122001593
8/9/2023,0.129503818
8/10/2023,0.214009232
8/11/2023,0.184690967
8/14/2023,0.154214458
8/15/2023,0.212037174
8/16/2023,0.134849303
8/17/2023,0.128229927
8/18/2023,0.121038089
8/21/2023,0.096665591
8/22/2023,0.12811454
8/23/2023,0.342670801
8/24/2023,0.11783771
8/25/2023,0.326511154
8/28/2023,0.085396196
8/29/2023,0.327140718
8/30/2023,0.188251535
8/31/2023,0.191953822
9/1/2023,0.355043603
9/4/2023,0.064117725
9/5/2023,0.146223616
9/6/2023,0.18522895
9/7/2023,0.118865861
9/8/2023,0.100499063
9/11/2023,0.119237246
9/12/2023,0.132040664
9/13/2023,0.180072194
9/14/2023,0.32904345
9/15/2023,0.151759878
9/18/2023,0.082054804
9/19/2023,0.091343981
9/20/2023,0.292391001
9/21/2023,0.191211827
9/22/2023,0.303638854
9/25/2023,0.104203478
9/26/2023,0.119134193
9/27/2023,0.179757541
9/28/2023,0.273556601
9/29/2023,0.189330484
10/2/2023,0.183356031
10/3/2023,0.283059746
10/4/2023,0.21667895
10/5/2023,0.173689369
10/6/2023,0.539424878
10/9/2023,0.161338832
10/10/2023,0.173427326
10/11/2023,0.197127525
10/12/2023,0.249194036
10/13/2023,0.158292369
10/16/2023,0.145310982
10/17/2023,0.230558882
10/18/2023,0.163844221
10/19/2023,0.339396521
10/20/2023,0.182502039
10/23/2023,0.161929069
10/24/2023,0.205181605
10/25/2023,0.113414105
10/26/2023,0.167558889
10/27/2023,0.229065863
10/30/2023,0.150436616
10/31/2023,0.27789855
11/1/2023,0.207008819
11/2/2023,0.163791052
11/3/2023,0.293211055
11/6/2023,0.109085046
11/7/2023,0.122753288
11/8/2023,0.11898446
11/9/2023,0.217169149
11/10/2023,0.147720022
11/13/2023,0.104193092
11/14/2023,0.541872431
11/15/2023,0.167016851
11/16/2023,0.179174119
11/17/2023,0.167105686
11/20/2023,0.146708499
11/21/2023,0.13036283
11/22/2023,0.201694835
11/23/2023,0.08533698
11/24/2023,0.104237973
11/27/2023,0.105623466
11/28/2023,0.180612186
11/29/2023,0.183946375
11/30/2023,0.249533053
12/1/2023,0.218146115
12/4/2023,0.180753439
12/5/2023,0.210706082
12/6/2023,0.140953886
12/7/2023,0.17303349
12/8/2023,0.307043348
12/11/2023,0.122013987
12/12/2023,0.176161954
12/13/2023,0.411073562
12/14/2023,0.342241892
12/15/2023,0.270816135
12/18/2023,0.104865427
12/19/2023,0.134908095
12/20/2023,0.123953891
12/21/2023,0.142108299
12/22/2023,0.157128937
12/26/2023,0.077749609
12/27/2023,0.131518758
12/28/2023,0.22002393
12/29/2023,0.158482559
1/2/2024,0.163023304
1/3/2024,0.190019626
1/4/2024,0.120442289
1/5/2024,0.376323612
1/8/2024,0.108983499
1/9/2024,0.14015081
1/10/2024,0.10859473
1/11/2024,0.265365189
1/12/2024,0.1595705
1/15/2024,0.072530795
1/16/2024,0.203218829
1/17/2024,0.144244099
1/18/2024,0.147226754
1/19/2024,0.103495164
1/22/2024,0.108611391
1/23/2024,0.122061708
1/24/2024,0.197152335
1/25/2024,0.19982807
1/26/2024,0.148050917
1/29/2024,0.105638227
1/30/2024,0.109896314
1/31/2024,0.356002996
2/1/2024,0.166275871
2/2/2024,0.488047253
2/5/2024,0.127181296
2/6/2024,0.102347085
2/7/2024,0.091348007
2/8/2024,0.081096916
2/9/2024,0.101338819
2/12/2024,0.076889601
2/13/2024,0.453877342
2/14/2024,0.085675172
2/15/2024,0.096324642
2/16/2024,0.128159804
2/19/2024,0.039969565
2/20/2024,0.09095394
2/21/2024,0.073904027
2/22/2024,0.16726127
2/23/2024,0.076684355
2/26/2024,0.066722597
2/27/2024,0.067984823
2/28/2024,0.07054293
2/29/2024,0.109811027
3/1/2024,0.097485048
3/4/2024,0.059380904
3/5/2024,0.08512643
3/6/2024,0.061684575
3/7/2024,0.129626581
3/8/2024,0.148320581
3/11/2024,0.057583933
3/12/2024,0.087845723
3/13/2024,0.050182554
3/14/2024,0.079088016
3/15/2024,0.053590901
3/18/2024,0.039648127
3/19/2024,0.046964119
3/20/2024,0.184392159
3/21/2024,0.10012448
3/22/2024,0.066014832
3/25/2024,0.05956257
3/26/2024,0.059123895
3/27/2024,0.046873671
3/28/2024,0.100481096
3/29/2024,0.047807344
4/1/2024,0.096043795
4/2/2024,0.092877254
4/3/2024,0.092917883
4/4/2024,0.068064079
4/5/2024,0.221057981
4/8/2024,0.062784245
4/9/2024,0.059339587
4/10/2024,0.598320767
4/11/2024,0.194395798
4/12/2024,0.134937395
4/15/2024,0.168989174
4/16/2024,0.193450453
4/17/2024,0.154071507
4/18/2024,0.09581304
4/19/2024,0.163322309
4/22/2024,0.089829412
4/23/2024,0.232686398
4/24/2024,0.092337987
4/25/2024,0.14216349
4/26/2024,0.114786828
4/29/2024,0.118331135
4/30/2024,0.178136363
5/1/2024,0.193398595
5/2/2024,0.150755257
5/3/2024,0.320278542
5/6/2024,0.046269202
5/7/2024,0.067278712
5/8/2024,0.045295537
5/9/2024,0.082791956
5/10/2024,0.064475354
5/13/2024,0.049487287
5/14/2024,0.085955208
5/15/2024,0.1531615
5/16/2024,0.06045485
5/17/2024,0.059039923
5/20/2024,0.042379324
5/21/2024,0.058781136
5/22/2024,0.06644779
5/23/2024,0.121980631
5/24/2024,0.043916327
5/27/2024,0.051821938
5/28/2024,0.049507614
5/29/2024,0.097694058
5/30/2024,0.070457789
5/31/2024,0.096287775
6/3/2024,0.094592842
6/4/2024,0.075230641
6/5/2024,0.088565985
6/6/2024,0.09125037
6/7/2024,0.352614853
6/10/2024,0.088318212
6/11/2024,0.10153946
6/12/2024,0.364533943
6/13/2024,0.14403943
6/14/2024,0.142965586
6/17/2024,0.084395714
6/18/2024,0.106443613
6/19/2024,0.052621367
6/20/2024,0.084797
6/21/2024,0.15153702
6/24/2024,0.064966726
6/25/2024,0.057797144
6/26/2024,0.094512116
6/27/2024,0.084256683
6/28/2024,0.108438144
7/1/2024,0.120580603
7/2/2024,0.074453443
7/3/2024,0.102803781
7/4/2024,0.035952707
7/5/2024,0.0953037
7/8/2024,0.085277713
7/9/2024,0.053862951
7/10/2024,0.034156005
7/11/2024,0.238580822
7/12/2024,0.061238712
7/15/2024,0.068718498
7/16/2024,0.064683003
7/17/2024,0.074293403
7/18/2024,0.05432762
7/19/2024,0.05462009
7/22/2024,0.054470896
7/23/2024,0.057254614
7/24/2024,0.068988849
7/25/2024,0.098095386
7/26/2024,0.054533238
7/29/2024,0.058240373
7/30/2024,0.065193866
7/31/2024,0.130144464
8/1/2024,0.134815621
8/2/2024,0.223507806
8/5/2024,0.406624326
8/6/2024,0.114166492
8/7/2024,0.083718521
8/8/2024,0.12138954
8/9/2024,0.046792076
8/12/2024,0.056521978
8/13/2024,0.084009125
8/14/2024,0.113736253
8/15/2024,0.184689097
8/16/2024,0.046436291
8/19/2024,0.081915765
8/20/2024,0.079632565
8/21/2024,0.14114057
8/22/2024,0.132561069
8/23/2024,0.258012533
8/26/2024,0.080705658
8/27/2024,0.084097884
8/28/2024,0.135195983
8/29/2024,0.252600431
8/30/2024,0.127427513
9/2/2024,0.065787027
9/3/2024,0.107765546
9/4/2024,0.126915892
9/5/2024,0.129751761
9/6/2024,0.292923836
9/9/2024,0.086034595
9/10/2024,0.061780889
9/11/2024,0.136610337
9/12/2024,0.123707566
9/13/2024,0.059505801
9/16/2024,0.073777073
9/17/2024,0.089883979
9/18/2024,0.358148225
9/19/2024,0.18889436
9/20/2024,0.102577808
9/23/2024,0.169756334
9/24/2024,0.094502204
9/25/2024,0.129891187
9/26/2024,0.245761992
9/27/2024,0.198681844
9/30/2024,0.223871937
10/1/2024,0.164569298
10/2/2024,0.109754987
10/3/2024,0.094992398
10/4/2024,0.33639917
10/7/2024,0.108428184
10/8/2024,0.080483868
10/9/2024,0.082214801
10/10/2024,0.163288675
10/11/2024,0.105178533
10/14/2024,0.073925707
10/15/2024,0.071076233
10/16/2024,0.065854257
10/17/2024,0.176897406
10/18/2024,0.05942969
10/21/2024,0.049204084
10/22/2024,0.069547877
10/23/2024,0.073857365
10/24/2024,0.119431005
10/25/2024,0.064209103
10/28/2024,0.065850181
10/29/2024,0.13361335
10/30/2024,0.180804195
10/31/2024,0.124600021
11/1/2024,0.191728643
11/4/2024,0.116804997
11/5/2024,0.060689004
11/6/2024,1.000382853
11/7/2024,0.369369906
11/8/2024,0.202498332
11/11/2024,0.191238031
11/12/2024,0.145812271
11/13/2024,0.320704107
11/14/2024,0.30723369
11/15/2024,0.280485791
11/18/2024,0.149814806
11/19/2024,0.300298547
11/20/2024,0.175170518
11/21/2024,0.259823016
11/22/2024,1.180078356
11/25/2024,0.382732934
11/26/2024,0.485925434
11/27/2024,0.365323446
11/28/2024,0.15406364
11/29/2024,0.249576008
12/2/2024,0.380159073
12/3/2024,0.216241888
12/4/2024,0.252266336
12/5/2024,0.220709816
12/6/2024,0.344966674
12/9/2024,0.164682743
12/10/2024,0.142225004
12/11/2024,0.226542327
12/12/2024,0.240613222
12/13/2024,0.172079246
12/16/2024,0.19774354
12/17/2024,0.131172881
12/18/2024,0.617125127
12/19/2024,0.31315605
12/20/2024,0.267665579
12/23/2024,0.17511426
12/24/2024,0.114430774
12/26/2024,0.070349462
12/27/2024,0.112811878
12/30/2024,0.244728119
12/31/2024,0.14308575
1/2/2025,0.436741804
1/3/2025,0.144113179
1/6/2025,0.716777064
1/7/2025,0.300418048
1/8/2025,0.243403254
1/9/2025,0.116946853
1/10/2025,0.912269959
1/13/2025,0.290867947
1/14/2025,0.285161767
1/15/2025,0.36963957
1/16/2025,0.277793818
1/17/2025,0.231605766
1/20/2025,1.181630088
1/21/2025,0.463641619
1/22/2025,0.221730629
1/23/2025,0.159367137
1/24/2025,0.257205384
1/27/2025,0.212768155
1/28/2025,0.24359134
1/29/2025,0.228717345
1/30/2025,0.479780357
1/31/2025,0.415434928
2/3/2025,1.141073171
2/4/2025,0.264843041
2/5/2025,0.193350515
2/6/2025,0.153933659
2/7/2025,0.472123521
2/10/2025,0.162548227
2/11/2025,0.101463368
2/12/2025,0.435778476
2/13/2025,0.394663853
2/14/2025,0.153293347
2/17/2025,0.078955296
2/18/2025,0.119548497
2/19/2025,0.115675765
2/20/2025,0.139251645
2/21/2025,0.172093859
2/24/2025,0.21378416
2/25/2025,0.15636032
2/26/2025,0.22127821
2/27/2025,0.20967575
2/28/2025,0.213592039
3/3/2025,0.24940105
3/4/2025,0.406971953
3/5/2025,0.635924742
3/6/2025,0.576197737
3/7/2025,0.505355902
3/10/2025,0.455119673
3/11/2025,0.354262598
3/12/2025,0.226389363
3/13/2025,0.24998582
3/14/2025,0.27582695
3/17/2025,0.137391312
3/18/2025,0.185948644
3/19/2025,0.291834554
3/20/2025,0.226107082
3/21/2025,0.184755233
3/24/2025,0.243662559
3/25/2025,0.140668801
3/26/2025,0.159882521
3/27/2025,0.226823736
3/28/2025,0.195286517
3/31/2025,0.253556709
4/1/2025,0.214526679
4/2/2025,0.489548256
4/3/2025,1.327452928
4/4/2025,1.111027072
4/7/2025,1.182981586
4/8/2025,0.593174892
4/9/2025,1.739386009
4/10/2025,1.078006507
4/11/2025,2.832099302
4/14/2025,0.83137886
4/15/2025,0.534214579
4/16/2025,0.520991998
4/17/2025,0.368538734
4/18/2025,0.100109104
4/21/2025,0.605972887
4/22/2025,0.483481031
4/23/2025,0.988799119
4/24/2025,0.311739357
4/25/2025,0.274852891
4/28/2025,0.331665914
4/29/2025,0.350497772
4/30/2025,0.328579903
5/1/2025,0.32531044
5/2/2025,0.409054036
5/5/2025,0.243763811
5/6/2025,0.301822456
5/7/2025,0.440241844
5/8/2025,0.383180806
5/9/2025,0.18218922
5/12/2025,0.677747387
5/13/2025,0.22900451
5/14/2025,0.409197143
5/15/2025,0.271814155
5/16/2025,0.182562048
5/19/2025,0.269269852
5/20/2025,0.196774863
5/21/2025,0.290393048
5/22/2025,0.299898097
5/23/2025,0.470126387
5/26/2025,0.151980302
5/27/2025,0.188008251
5/28/2025,0.214360156
5/29/2025,0.511642168
5/30/2025,0.26646763
6/2/2025,0.193972299
6/3/2025,0.172755463
6/4/2025,0.214637747
6/5/2025,0.285219478
6/6/2025,0.212578782
6/9/2025,0.123737898
6/10/2025,0.198872485
6/11/2025,0.277300247
6/12/2025,0.343654793
6/13/2025,0.560873079
6/16/2025,0.200874127
6/17/2025,0.231240838
6/18/2025,0.319911182
6/19/2025,0.16692364
6/20/2025,0.153668761
6/23/2025,0.34487487
6/24/2025,0.252388905
6/25/2025,0.125946195
6/26/2025,0.25435008
6/27/2025,0.234159769
6/30/2025,0.18648441
7/1/2025,0.223030938
7/2/2025,0.212555682
7/3/2025,0.472851005
7/4/2025,0.086423399
7/7/2025,0.20395969
7/8/2025,0.186685014
7/9/2025,0.109471032
7/10/2025,0.11206358
7/11/2025,0.148687949
7/14/2025,0.124962899
7/15/2025,0.223653884
7/16/2025,0.589714172
7/17/2025,0.163215714
7/18/2025,0.1284822
7/21/2025,0.1227451
7/22/2025,0.13232791
7/23/2025,0.176956478
7/24/2025,0.19462218
7/25/2025,0.127114952
7/28/2025,0.223349259
7/29/2025,0.265131451
7/30/2025,0.297559917
7/31/2025,0.236321624
8/1/2025,1.426214464
8/4/2025,0.254875241
8/5/2025,0.193465871
8/6/2025,0.160115762
8/7/2025,0.234392108
8/8/2025,0.130010319
8/11/2025,0.106106157
8/12/2025,0.344092844
8/13/2025,0.113004516
8/14/2025,0.162084206
8/15/2025,0.107502917
8/18/2025,0.109841537
8/19/2025,0.108082266
8/20/2025,0.136949976
8/21/2025,0.133366337
8/22/2025,0.459694217
8/25/2025,0.115397692
8/26/2025,0.235384614
8/27/2025,0.155038628
8/28/2025,0.109029729
8/29/2025,0.136791689
9/1/2025,0.072600142
9/2/2025,0.24504166
9/3/2025,0.183159624
9/4/2025,0.122808861
9/5/2025,0.243760852
9/8/2025,0.107260819
9/9/2025,0.13201243
9/10/2025,0.190455403
9/11/2025,0.242996619
9/12/2025,0.099459332
9/15/2025,0.084893579
9/16/2025,0.14460337
9/17/2025,0.430527568
9/18/2025,0.232692568
9/19/2025,0.161160123
9/22/2025,0.101917008
9/23/2025,0.122290618
9/24/2025,0.10055065
9/25/2025,0.171671559
9/26/2025,0.118696592
9/29/2025,0.130152125
9/30/2025,0.138344359
10/1/2025,0.327397696
10/2/2025,0.123334883
10/3/2025,0.075847298
10/6/2025,0.277423001
10/7/2025,0.099474862
10/8/2025,0.131338344
10/9/2025,0.168165855
10/10/2025,0.230088487
10/13/2025,0.155427428
10/14/2025,0.164514568
10/15/2025,0.113300727
10/16/2025,0.106192424
10/17/2025,0.131842993
10/20/2025,0.07022898
10/21/2025,0.115757762
10/22/2025,0.070790407
10/23/2025,0.052107121
10/24/2025,0.201358458
10/27/2025,0.066037164
10/28/2025,0.095077923
10/29/2025,0.370858815
10/30/2025,0.140851582
10/31/2025,0.101937896
11/3/2025,0.089546046
11/4/2025,0.084217142
11/5/2025,0.085221191
11/6/2025,0.088369689
11/7/2025,0.09762769
11/10/2025,0.090781388
11/11/2025,0.077691818
11/12/2025,0.063907652
11/13/2025,0.111185835
11/14/2025,0.113296454
11/17/2025,0.064186706
11/18/2025,0.091851834
11/19/2025,0.103252847
11/20/2025,0.126247632
11/21/2025,0.133664338
11/24/2025,0.084296138
11/25/2025,0.15481668
11/26/2025,0.13382432
11/27/2025,0.055849429
11/28/2025,0.103860875
12/1/2025,0.101357953
12/2/2025,0.078461097
12/3/2025,0.064845647
12/4/2025,0.064814133
12/5/2025,0.077670612
12/8/2025,0.091768717
12/9/2025,0.078635352
12/10/2025,0.155812159
12/11/2025,0.10281525
12/12/2025,0.075739294
12/15/2025,0.072984381
12/16/2025,0.152671157
12/17/2025,0.099586384
12/18/2025,0.137238301
12/19/2025,0.080804992
12/22/2025,0.06932109
12/23/2025,0.073733023
12/24/2025,0.053909476
12/26/2025,0.083555354
12/29/2025,0.10976487
12/30/2025,0.067607223
12/31/2025,0.090568801
